#;Eruption;agreeableness;at_target_port;belief_base;boarded;boarded_vehicle;boomHeard;charisma;color;communicate_status;conscientiousness;contagionThreshold;current_edge;current_norm;current_path;current_plan;decided_to_board;desire_base;destination;emotion_base;enjoying_my_time;evacuation_order;extroversion;fearEruption;friend_status;friend_to_rescue;going_rescue_someone;going_to_port;heading;ideal_base;in_target_port;index;intention_base;intention_persistence;joyPort;law_base;left_the_island;location;max_perceived_boom_intensity;my_communicated_statuses;my_friends;name;need_boarding_decision;need_evac_decision;neurotism;noEruption;no_friend_needs_help;norm_base;obedience;obligation_base;openness;perceivedOther;perceived_boom_coefficient;place_to_evacuate_from;plan_base;plan_persistence;port_to_evacuate_from;prepared_to_evacuate;preparing;probabilistic_choice;real_speed;receptivity;rescue_someone;sanction_base;social_link_base;speed;thinking;time_spent_preparing;took_evac_decision;total_preparing_time;uncertaintyConversion;uncertainty_base;use_emotions_architecture;use_norms;use_persistence;use_personality;use_social_architecture;view_dist;waiting_for_someone
0;predicate(Eruption,true);0.40052843910369684;predicate(at target port,true);[Belief(predicate(evacuation order,true),People0,1.0,-1),Belief(predicate(decided to go to port,true),People0,1.0,-1),Belief(predicate(took an evacuation decision,true),People0,1.0,629),Belief(predicate(prepared to evacuate,true),People0,1.0,-1),Belief(predicate(friend status,{name=People25, location={1443.1445682165383,1947.9502827910806,0.0}, status=going to port},true),People0,1.0,-1),Belief(predicate(friend status,{name=People23, location={1939.3916269827494,1867.3093543056832,0.0}, status=going to port},true),People0,1.0,-1),Belief(predicate(friend status,{name=People46, location={1402.0534236082458,1455.8092861035839,0.0}, status=at port},true),People0,1.0,-1),Belief(predicate(friend status,{name=People19, location={3863.679880060255,4533.397560617894,0.0}, status=going to port},true),People0,1.0,-1),Belief(predicate(friend status,{name=People33, location={1458.7483170491707,1712.5868932421317,0.0}, status=going to port},true),People0,1.0,-1)];false;nil;predicate(Boom,true);0.6051396997520401;#blue;predicate(communicate status,true);0.5361104460036195;0.5;Roads(338);nil;([Roads(338),Roads(340),Roads(219),Roads(220),Roads(217),Roads(304),Roads(1540),Roads(503),Roads(2679),Roads(1321),Roads(1238),Roads(2874),Roads(2925),Roads(583),Roads(634),Roads(2553),Roads(473),Roads(946)]) as path;BDIPlan(go_to_nearest_port);false;[Desire(predicate(Eruption,false),People0,1.0,-1),Desire(predicate(at target port,true),People0,1.0,-1),Desire(predicate(preparing to evacuate,true),People0,1.0,-1)];{560.4253978852003,2689.1328088277205,0.0};[];predicate(enjoying my time,true);predicate(evacuation order,true);0.6051396997520401;emotion(fear,predicate(Eruption,true),0.0,null,null);nil;nil;predicate(decided to go rescue someone,true);predicate(decided to go to port,true);196.79214108861672;[];predicate(in target port,true);0;[Intention(predicate(at target port,true),People0,1.0,-1)];0.7321956336960904;emotion(joy,predicate(in target port,true),0.0,null,null);[];predicate(left the island,true);{568.403390662275,2691.540312865804,0.0};18;['going to port'];[People(19),People(33),People(46),People(25),People(23)];'People0';predicate(need to take a decision on whether to board,true);predicate(need to take a decision on whether to evacuate,true);0.47188627971552577;predicate(Eruption,false);predicate(no friend needs help,true);[];0.6843386899435528;[];0.8231251203438197;nil;0.0;nil;[BDIPlan(lets_wander),BDIPlan(prepare),BDIPlan(go_rescue),BDIPlan(choose_whether_to_evacuate),BDIPlan(update_friends),BDIPlan(go_to_nearest_port),BDIPlan(wait_to_board)];0.7321956336960904;Port(1);predicate(prepared to evacuate,true);predicate(preparing to evacuate,true);false;8.333333333333334;0.5281137202844742;predicate(rescue someone,true);[];[(People19,0.5,0.4,0.1,0.7,0.5),(People33,0.9,0.5,0.4,1.0,0.3),(People46,0.9,0.8,0.2,0.7,0.3),(People25,0.9,0.1,0.2,0.1,0.6),(People23,0.6,0.8,0.2,0.1,0.8)];8.333333333333334;['use plan : go_to_nearest_port','no more subintention forIntention(predicate(at target port,true),People0,1.0,-1)','use plan : go_to_nearest_port','no more subintention forIntention(predicate(at target port,true),People0,1.0,-1)','use plan : go_to_nearest_port'];4.0;predicate(took an evacuation decision,true);0.0;0.25;[];true;false;false;true;true;30.0;predicate(decided to wait for someone,true)
1;predicate(Eruption,true);0.43203636109809496;predicate(at target port,true);[Belief(predicate(evacuation order,true),People1,1.0,-1),Belief(predicate(decided to go to port,true),People1,1.0,-1),Belief(predicate(took an evacuation decision,true),People1,1.0,749),Belief(predicate(prepared to evacuate,true),People1,1.0,-1),Belief(predicate(friend status,{name=People5, location={2167.973465660715,238.07863091713517,0.0}, status=going to port},true),People1,1.0,-1),Belief(predicate(friend status,{name=People6, location={2024.1668091934098,194.2730616459417,0.0}, status=going to port},true),People1,1.0,-1),Belief(predicate(friend status,{name=People8, location={2270.231340491408,1397.8674045672956,0.0}, status=going to port},true),People1,1.0,-1),Belief(predicate(friend status,{name=People38, location={576.583115110955,2694.008693095126,0.0}, status=going to port},true),People1,1.0,-1),Belief(predicate(friend status,{name=People26, location={1926.8350882065436,1519.5053493058415,0.0}, status=going to port},true),People1,1.0,-1),Belief(predicate(friend status,{name=People36, location={3921.408352826312,3605.637264094785,0.0}, status=going to port},true),People1,1.0,-1),Belief(predicate(friend status,{name=People30, location={1919.0052699973673,3196.0577811861585,0.0}, status=going to port},true),People1,1.0,-1),Belief(predicate(friend status,{name=People48, location={1027.1107910279989,2366.1943147732154,0.0}, status=going to port},true),People1,1.0,-1)];false;nil;predicate(Boom,true);0.45773736519604524;#blue;predicate(communicate status,true);0.6362275789361602;0.5;Roads(1066);nil;([Roads(1017),Roads(1015),Roads(1066),Roads(1117),Roads(1032),Roads(2697),Roads(1592),Roads(1507),Roads(1389),Roads(736),Roads(2501),Roads(2483),Roads(2016),Roads(1221),Roads(702),Roads(651),Roads(2292),Roads(1558),Roads(1609),Roads(2733),Roads(1930),Roads(2275),Roads(2308),Roads(2361),Roads(2414),Roads(2787),Roads(1423),Roads(1473),Roads(2188),Roads(914),Roads(834),Roads(981),Roads(998),Roads(2324),Roads(361),Roads(360),Roads(1575),Roads(169),Roads(164),Roads(165),Roads(1877),Roads(171),Roads(634),Roads(2553),Roads(473),Roads(946)]) as path;BDIPlan(go_to_nearest_port);false;[Desire(predicate(at target port,true),People1,1.0,-1),Desire(predicate(preparing to evacuate,true),People1,1.0,-1),Desire(predicate(Eruption,false),People1,1.0,-1)];{1828.7242816015944,970.1434846653842,0.0};[];predicate(enjoying my time,true);predicate(evacuation order,true);0.45773736519604524;emotion(fear,predicate(Eruption,true),0.0,null,null);nil;nil;predicate(decided to go rescue someone,true);predicate(decided to go to port,true);102.09943358400965;[];predicate(in target port,true);1;[Intention(predicate(at target port,true),People1,1.0,-1)];0.7976387521529782;emotion(joy,predicate(in target port,true),0.0,null,null);[];predicate(left the island,true);{1830.4710224074329,961.9952737573589,0.0};18;['going to port'];[People(26),People(8),People(30),People(48),People(38),People(6),People(5),People(36)];'People1';predicate(need to take a decision on whether to board,true);predicate(need to take a decision on whether to evacuate,true);0.4589499354538461;predicate(Eruption,false);predicate(no friend needs help,true);[];0.7308433279555391;[];0.45529907153881594;nil;0.0;nil;[BDIPlan(lets_wander),BDIPlan(prepare),BDIPlan(go_rescue),BDIPlan(choose_whether_to_evacuate),BDIPlan(update_friends),BDIPlan(go_to_nearest_port),BDIPlan(wait_to_board)];0.7976387521529782;Port(1);predicate(prepared to evacuate,true);predicate(preparing to evacuate,true);false;8.333333333333334;0.5410500645461539;predicate(rescue someone,true);[];[(People26,0.5,0.6,0.8,0.1,0.4),(People8,0.5,0.4,0.9,0.4,0.9),(People30,0.6,0.3,0.8,0.5,0.4),(People48,0.3,0.7,0.7,0.6,0.5),(People38,0.4,0.0,0.8,0.7,0.6),(People6,0.9,0.7,0.6,0.7,0.1),(People5,0.1,0.1,0.7,0.2,0.7),(People36,0.5,0.3,0.7,1.0,0.3)];8.333333333333334;['use plan : go_to_nearest_port','no more subintention forIntention(predicate(at target port,true),People1,1.0,-1)','use plan : go_to_nearest_port','no more subintention forIntention(predicate(at target port,true),People1,1.0,-1)','use plan : go_to_nearest_port'];1.0;predicate(took an evacuation decision,true);0.0;0.25;[];true;false;false;true;true;30.0;predicate(decided to wait for someone,true)
2;predicate(Eruption,true);0.48110360987155487;predicate(at target port,true);[Belief(predicate(evacuation order,true),People2,1.0,-1),Belief(predicate(decided to go to port,true),People2,1.0,-1),Belief(predicate(took an evacuation decision,true),People2,1.0,869),Belief(predicate(prepared to evacuate,true),People2,1.0,-1),Belief(predicate(friend status,{name=People4, location={2010.8000557463545,1838.1191149721924,0.0}, status=going to port},true),People2,1.0,-1),Belief(predicate(friend status,{name=People9, location={1943.0405286208425,516.826222732286,0.0}, status=going to port},true),People2,1.0,-1),Belief(predicate(friend status,{name=People15, location={1556.4104154645065,2076.906165804759,0.0}, status=going to port},true),People2,1.0,-1),Belief(predicate(friend status,{name=People37, location={4156.653186308459,5855.8374393850645,0.0}, status=going to port},true),People2,1.0,-1),Belief(predicate(friend status,{name=People13, location={1112.690313228814,2078.526009020821,0.0}, status=going to port},true),People2,1.0,-1),Belief(predicate(friend status,{name=People27, location={1850.7935507416785,2091.7192314155322,0.0}, status=going to port},true),People2,1.0,-1),Belief(predicate(friend status,{name=People3, location={1826.4036451443699,1672.1964716181162,0.0}, status=going to port},true),People2,1.0,-1)];false;nil;predicate(Boom,true);0.6677936794076927;#blue;predicate(communicate status,true);0.7358762686043898;0.5;Roads(84);nil;([Roads(84),Roads(87),Roads(3030),Roads(3025),Roads(3026),Roads(2767),Roads(2785),Roads(394),Roads(3066),Roads(50),Roads(175),Roads(176),Roads(182),Roads(1710),Roads(1744),Roads(1693),Roads(302),Roads(1354),Roads(193),Roads(21),Roads(19),Roads(184),Roads(183),Roads(305),Roads(24),Roads(1388),Roads(2840),Roads(1625),Roads(770),Roads(719),Roads(1490),Roads(1541),Roads(1524),Roads(2205),Roads(1727),Roads(1642),Roads(2957),Roads(2941),Roads(2396),Roads(256),Roads(1489)]) as path;BDIPlan(go_to_nearest_port);false;[Desire(predicate(at target port,true),People2,1.0,-1),Desire(predicate(preparing to evacuate,true),People2,1.0,-1),Desire(predicate(Eruption,false),People2,1.0,-1)];{3600.624087724753,3239.5820985076616,0.0};[];predicate(enjoying my time,true);predicate(evacuation order,true);0.6677936794076927;emotion(fear,predicate(Eruption,true),0.0,null,null);nil;nil;predicate(decided to go rescue someone,true);predicate(decided to go to port,true);204.04631372304289;[];predicate(in target port,true);2;[Intention(predicate(at target port,true),People2,1.0,-1)];0.8578323079742275;emotion(joy,predicate(in target port,true),0.0,null,null);[];predicate(left the island,true);{3608.2342242500363,3242.977723120453,0.0};18;['going to port'];[People(3),People(27),People(9),People(37),People(15),People(13),People(4)];'People2';predicate(need to take a decision on whether to board,true);predicate(need to take a decision on whether to evacuate,true);0.6448028958269107;predicate(Eruption,false);predicate(no friend needs help,true);[];0.7800576512271208;[];0.3216469743846688;nil;0.0;nil;[BDIPlan(lets_wander),BDIPlan(prepare),BDIPlan(go_rescue),BDIPlan(choose_whether_to_evacuate),BDIPlan(update_friends),BDIPlan(go_to_nearest_port),BDIPlan(wait_to_board)];0.8578323079742275;Port(0);predicate(prepared to evacuate,true);predicate(preparing to evacuate,true);false;8.333333333333334;0.35519710417308925;predicate(rescue someone,true);[];[(People3,0.9,0.1,0.2,0.1,1.0),(People27,0.1,0.1,0.8,0.2,0.2),(People9,0.8,0.3,0.9,0.5,0.2),(People37,0.2,0.5,0.8,0.4,0.8),(People15,0.2,0.6,0.6,0.6,0.8),(People13,0.6,0.0,0.8,0.0,0.8),(People4,0.1,0.3,0.9,0.1,0.8)];8.333333333333334;['use plan : go_to_nearest_port','no more subintention forIntention(predicate(at target port,true),People2,1.0,-1)','use plan : go_to_nearest_port','no more subintention forIntention(predicate(at target port,true),People2,1.0,-1)','use plan : go_to_nearest_port'];3.0;predicate(took an evacuation decision,true);0.0;0.25;[];true;false;false;true;true;30.0;predicate(decided to wait for someone,true)
3;predicate(Eruption,true);0.5472617678788082;predicate(at target port,true);[Belief(predicate(evacuation order,true),People3,1.0,-1),Belief(predicate(decided to go to port,true),People3,1.0,-1),Belief(predicate(took an evacuation decision,true),People3,1.0,709),Belief(predicate(prepared to evacuate,true),People3,1.0,-1),Belief(predicate(friend status,{name=People4, location={2010.8000557463545,1838.1191149721924,0.0}, status=going to port},true),People3,1.0,-1),Belief(predicate(friend status,{name=People9, location={1943.0405286208425,516.826222732286,0.0}, status=going to port},true),People3,1.0,-1),Belief(predicate(friend status,{name=People15, location={1556.4104154645065,2076.906165804759,0.0}, status=going to port},true),People3,1.0,-1),Belief(predicate(friend status,{name=People2, location={3670.8153330897912,3283.0758224661117,0.0}, status=going to port},true),People3,1.0,-1),Belief(predicate(friend status,{name=People37, location={4156.653186308459,5855.8374393850645,0.0}, status=going to port},true),People3,1.0,-1),Belief(predicate(friend status,{name=People13, location={1112.690313228814,2078.526009020821,0.0}, status=going to port},true),People3,1.0,-1),Belief(predicate(friend status,{name=People27, location={1850.7935507416785,2091.7192314155322,0.0}, status=going to port},true),People3,1.0,-1),Belief(predicate(Boom,{intensity=4},true),People3,1.0,2999)];false;nil;predicate(Boom,true);0.2582856673145937;#blue;predicate(communicate status,true);0.6025798494051405;0.5;Roads(2239);nil;([Roads(2239),Roads(2275),Roads(2325),Roads(258),Roads(1489)]) as path;BDIPlan(go_to_nearest_port);false;[Desire(predicate(preparing to evacuate,true),People3,1.0,-1),Desire(predicate(Eruption,false),People3,1.0,-1),Desire(predicate(at target port,true),People3,1.0,-1),Desire(predicate(need to take a decision on whether to evacuate,true),People3,1.0,-1)];{1794.0530183326084,1645.9372245611803,0.0};[emotion(fear,0.20378312608427196,predicate(Eruption,true),3.3261071817122804E-5,null,People3)];predicate(enjoying my time,true);predicate(evacuation order,true);0.2582856673145937;emotion(fear,predicate(Eruption,true),0.0,null,null);nil;nil;predicate(decided to go rescue someone,true);predicate(decided to go to port,true);219.0664979806394;[];predicate(in target port,true);3;[Intention(predicate(at target port,true),People3,1.0,-1)];0.7762601686323604;emotion(joy,predicate(in target port,true),0.0,null,null);[];predicate(left the island,true);{1800.5231436949607,1651.1890739725675,0.0};18;['going to port'];[People(27),People(9),People(37),People(15),People(13),People(4),People(2)];'People3';predicate(need to take a decision on whether to board,true);predicate(need to take a decision on whether to evacuate,true);0.5828262577975991;predicate(Eruption,false);predicate(no friend needs help,true);[];0.7582353253719945;[];0.5409973105692196;nil;0.2222222222222222;nil;[BDIPlan(lets_wander),BDIPlan(prepare),BDIPlan(go_rescue),BDIPlan(choose_whether_to_evacuate),BDIPlan(update_friends),BDIPlan(go_to_nearest_port),BDIPlan(wait_to_board)];0.7762601686323604;Port(0);predicate(prepared to evacuate,true);predicate(preparing to evacuate,true);false;8.333333333333334;0.4171737422024009;predicate(rescue someone,true);[];[(People27,0.2,0.7,0.2,0.2,0.9),(People9,0.1,0.5,0.6,0.5,0.6),(People37,0.7,0.9,0.8,0.1,0.2),(People15,0.8,0.3,0.9,0.2,0.7),(People13,0.2,0.1,0.5,0.4,0.5),(People4,0.0,0.2,0.9,0.9,0.9),(People2,0.4,0.0,1.0,0.1,0.3)];8.333333333333334;['use plan : go_to_nearest_port','no more subintention forIntention(predicate(at target port,true),People3,1.0,-1)','use plan : go_to_nearest_port','no more subintention forIntention(predicate(at target port,true),People3,1.0,-1)','use plan : go_to_nearest_port'];8.0;predicate(took an evacuation decision,true);0.0;0.25;[Uncertainty(predicate(Eruption,true),People3,0.2222222222222222,-1)];true;false;false;true;true;30.0;predicate(decided to wait for someone,true)
4;predicate(Eruption,true);0.34817284825961603;predicate(at target port,true);[Belief(predicate(evacuation order,true),People4,1.0,-1),Belief(predicate(decided to go to port,true),People4,1.0,-1),Belief(predicate(took an evacuation decision,true),People4,1.0,663),Belief(predicate(prepared to evacuate,true),People4,1.0,-1),Belief(predicate(friend status,{name=People9, location={1943.0405286208425,516.826222732286,0.0}, status=going to port},true),People4,1.0,-1),Belief(predicate(friend status,{name=People15, location={1556.4104154645065,2076.906165804759,0.0}, status=going to port},true),People4,1.0,-1),Belief(predicate(friend status,{name=People2, location={3670.8153330897912,3283.0758224661117,0.0}, status=going to port},true),People4,1.0,-1),Belief(predicate(friend status,{name=People37, location={4156.653186308459,5855.8374393850645,0.0}, status=going to port},true),People4,1.0,-1),Belief(predicate(friend status,{name=People13, location={1112.690313228814,2078.526009020821,0.0}, status=going to port},true),People4,1.0,-1),Belief(predicate(friend status,{name=People27, location={1850.7935507416785,2091.7192314155322,0.0}, status=going to port},true),People4,1.0,-1),Belief(predicate(friend status,{name=People3, location={1826.4036451443699,1672.1964716181162,0.0}, status=going to port},true),People4,1.0,-1)];false;nil;predicate(Boom,true);0.5985052455506082;#blue;predicate(communicate status,true);0.5642917854942544;0.5;Roads(258);nil;([Roads(2326),Roads(258),Roads(1489)]) as path;BDIPlan(go_to_nearest_port);false;[Desire(predicate(preparing to evacuate,true),People4,1.0,-1),Desire(predicate(Eruption,false),People4,1.0,-1),Desire(predicate(at target port,true),People4,1.0,-1)];{2071.926608771741,1864.1150595460695,0.0};[];predicate(enjoying my time,true);predicate(evacuation order,true);0.5985052455506082;emotion(fear,predicate(Eruption,true),0.0,null,null);nil;nil;predicate(decided to go rescue someone,true);predicate(decided to go to port,true);19.358900724332734;[];predicate(in target port,true);4;[Intention(predicate(at target port,true),People4,1.0,-1)];0.7511935739170393;emotion(joy,predicate(in target port,true),0.0,null,null);[];predicate(left the island,true);{2064.0644364357845,1861.3526890777646,0.0};18;['going to port'];[People(3),People(27),People(9),People(37),People(15),People(13),People(2)];'People4';predicate(need to take a decision on whether to board,true);predicate(need to take a decision on whether to evacuate,true);0.44723015687403445;predicate(Eruption,false);predicate(no friend needs help,true);[];0.6754497145435293;[];0.5878406210300551;nil;0.0;nil;[BDIPlan(lets_wander),BDIPlan(prepare),BDIPlan(go_rescue),BDIPlan(choose_whether_to_evacuate),BDIPlan(update_friends),BDIPlan(go_to_nearest_port),BDIPlan(wait_to_board)];0.7511935739170393;Port(0);predicate(prepared to evacuate,true);predicate(preparing to evacuate,true);false;8.333333333333334;0.5527698431259656;predicate(rescue someone,true);[];[(People3,0.4,0.4,0.3,0.3,0.6),(People27,0.4,0.1,0.7,0.9,0.1),(People9,0.6,0.1,0.4,0.8,0.3),(People37,0.7,0.8,0.7,0.0,0.9),(People15,0.6,0.6,0.3,0.8,0.9),(People13,0.9,0.6,0.4,0.1,0.0),(People2,0.9,0.3,0.3,1.0,0.8)];8.333333333333334;['use plan : go_to_nearest_port','no more subintention forIntention(predicate(at target port,true),People4,1.0,-1)','use plan : go_to_nearest_port','no more subintention forIntention(predicate(at target port,true),People4,1.0,-1)','use plan : go_to_nearest_port'];1.0;predicate(took an evacuation decision,true);0.0;0.25;[];true;false;false;true;true;30.0;predicate(decided to wait for someone,true)
5;predicate(Eruption,true);0.6108008647829055;predicate(at target port,true);[Belief(predicate(evacuation order,true),People5,1.0,-1),Belief(predicate(decided to go to port,true),People5,1.0,-1),Belief(predicate(took an evacuation decision,true),People5,1.0,668),Belief(predicate(prepared to evacuate,true),People5,1.0,-1),Belief(predicate(friend status,{name=People1, location={1836.5764447991878,934.0853978409024,0.0}, status=going to port},true),People5,1.0,-1),Belief(predicate(friend status,{name=People6, location={2024.1668091934098,194.2730616459417,0.0}, status=going to port},true),People5,1.0,-1),Belief(predicate(friend status,{name=People8, location={2270.231340491408,1397.8674045672956,0.0}, status=going to port},true),People5,1.0,-1),Belief(predicate(friend status,{name=People38, location={576.583115110955,2694.008693095126,0.0}, status=going to port},true),People5,1.0,-1),Belief(predicate(friend status,{name=People26, location={1926.8350882065436,1519.5053493058415,0.0}, status=going to port},true),People5,1.0,-1),Belief(predicate(friend status,{name=People36, location={3921.408352826312,3605.637264094785,0.0}, status=going to port},true),People5,1.0,-1),Belief(predicate(friend status,{name=People30, location={1919.0052699973673,3196.0577811861585,0.0}, status=going to port},true),People5,1.0,-1),Belief(predicate(friend status,{name=People48, location={1027.1107910279989,2366.1943147732154,0.0}, status=going to port},true),People5,1.0,-1)];false;nil;predicate(Boom,true);0.5339163364041083;#blue;predicate(communicate status,true);0.5690630190815676;0.5;Roads(498);nil;([Roads(498),Roads(3017),Roads(3018),Roads(374),Roads(109),Roads(105),Roads(103),Roads(122),Roads(1894),Roads(1911),Roads(44),Roads(45),Roads(267),Roads(3053),Roads(3055),Roads(323),Roads(324),Roads(359),Roads(1221),Roads(702),Roads(651),Roads(2292),Roads(1558),Roads(1609),Roads(2733),Roads(1930),Roads(2275),Roads(2308),Roads(2361),Roads(2414),Roads(2787),Roads(1423),Roads(1473),Roads(2188),Roads(914),Roads(834),Roads(981),Roads(998),Roads(2324),Roads(361),Roads(360),Roads(1575),Roads(169),Roads(164),Roads(165),Roads(1877),Roads(171),Roads(634),Roads(2553),Roads(473),Roads(946)]) as path;BDIPlan(go_to_nearest_port);false;[Desire(predicate(at target port,true),People5,1.0,-1),Desire(predicate(Eruption,false),People5,1.0,-1),Desire(predicate(preparing to evacuate,true),People5,1.0,-1)];{2188.320210237858,229.8295950161445,0.0};[];predicate(enjoying my time,true);predicate(evacuation order,true);0.5339163364041083;emotion(fear,predicate(Eruption,true),0.0,null,null);nil;nil;predicate(decided to go rescue someone,true);predicate(decided to go to port,true);200.52502171620625;[];predicate(in target port,true);5;[Intention(predicate(at target port,true),People5,1.0,-1)];0.7543626575338732;emotion(joy,predicate(in target port,true),0.0,null,null);[];predicate(left the island,true);{2196.1245365745385,232.75139837623573,0.0};18;['going to port'];[People(26),People(1),People(8),People(30),People(48),People(38),People(6),People(36)];'People5';predicate(need to take a decision on whether to board,true);predicate(need to take a decision on whether to evacuate,true);0.811836284381984;predicate(Eruption,false);predicate(no friend needs help,true);[];0.76807027148057;[];0.33736083358025304;nil;0.0;nil;[BDIPlan(lets_wander),BDIPlan(prepare),BDIPlan(go_rescue),BDIPlan(choose_whether_to_evacuate),BDIPlan(update_friends),BDIPlan(go_to_nearest_port),BDIPlan(wait_to_board)];0.7543626575338732;Port(1);predicate(prepared to evacuate,true);predicate(preparing to evacuate,true);false;8.333333333333334;0.18816371561801604;predicate(rescue someone,true);[];[(People26,0.6,0.0,0.0,0.1,0.9),(People1,0.9,0.8,0.7,0.8,0.6),(People8,0.7,0.7,0.4,0.0,0.7),(People30,0.3,0.9,0.9,0.1,0.3),(People48,0.1,0.6,0.4,0.2,0.3),(People38,0.2,0.1,0.4,0.5,0.5),(People6,0.3,0.4,1.0,0.7,0.5),(People36,0.7,0.1,0.2,0.4,0.5)];8.333333333333334;['use plan : go_to_nearest_port','no more subintention forIntention(predicate(at target port,true),People5,1.0,-1)','use plan : go_to_nearest_port','no more subintention forIntention(predicate(at target port,true),People5,1.0,-1)','use plan : go_to_nearest_port'];1.0;predicate(took an evacuation decision,true);0.0;0.25;[];true;false;false;true;true;30.0;predicate(decided to wait for someone,true)
6;predicate(Eruption,true);0.5455698970147632;predicate(at target port,true);[Belief(predicate(evacuation order,true),People6,1.0,-1),Belief(predicate(decided to go to port,true),People6,1.0,-1),Belief(predicate(took an evacuation decision,true),People6,1.0,662),Belief(predicate(prepared to evacuate,true),People6,1.0,-1),Belief(predicate(friend status,{name=People1, location={1836.5764447991878,934.0853978409024,0.0}, status=going to port},true),People6,1.0,-1),Belief(predicate(friend status,{name=People5, location={2167.973465660715,238.07863091713517,0.0}, status=going to port},true),People6,1.0,-1),Belief(predicate(friend status,{name=People8, location={2270.231340491408,1397.8674045672956,0.0}, status=going to port},true),People6,1.0,-1),Belief(predicate(friend status,{name=People38, location={576.583115110955,2694.008693095126,0.0}, status=going to port},true),People6,1.0,-1),Belief(predicate(friend status,{name=People26, location={1926.8350882065436,1519.5053493058415,0.0}, status=going to port},true),People6,1.0,-1),Belief(predicate(friend status,{name=People36, location={3921.408352826312,3605.637264094785,0.0}, status=going to port},true),People6,1.0,-1),Belief(predicate(friend status,{name=People30, location={1919.0052699973673,3196.0577811861585,0.0}, status=going to port},true),People6,1.0,-1),Belief(predicate(friend status,{name=People48, location={1027.1107910279989,2366.1943147732154,0.0}, status=going to port},true),People6,1.0,-1)];false;nil;predicate(Boom,true);0.519748806888477;#blue;predicate(communicate status,true);0.5637784425696897;0.5;Roads(375);nil;([Roads(375),Roads(3022),Roads(3021),Roads(204),Roads(109),Roads(105),Roads(103),Roads(122),Roads(1894),Roads(1911),Roads(44),Roads(45),Roads(267),Roads(3053),Roads(3055),Roads(323),Roads(324),Roads(359),Roads(1221),Roads(702),Roads(651),Roads(2292),Roads(1558),Roads(1609),Roads(2733),Roads(1930),Roads(2275),Roads(2308),Roads(2361),Roads(2414),Roads(2787),Roads(1423),Roads(1473),Roads(2188),Roads(914),Roads(834),Roads(981),Roads(998),Roads(2324),Roads(361),Roads(360),Roads(1575),Roads(169),Roads(164),Roads(165),Roads(1877),Roads(171),Roads(634),Roads(2553),Roads(473),Roads(946)]) as path;BDIPlan(go_to_nearest_port);false;[Desire(predicate(Eruption,false),People6,1.0,-1),Desire(predicate(at target port,true),People6,1.0,-1),Desire(predicate(preparing to evacuate,true),People6,1.0,-1)];{2042.8716619074153,202.73663949570005,0.0};[];predicate(enjoying my time,true);predicate(evacuation order,true);0.519748806888477;emotion(fear,predicate(Eruption,true),0.0,null,null);nil;nil;predicate(decided to go rescue someone,true);predicate(decided to go to port,true);220.3716271971853;[];predicate(in target port,true);6;[Intention(predicate(at target port,true),People6,1.0,-1)];0.7508518113247711;emotion(joy,predicate(in target port,true),0.0,null,null);[];predicate(left the island,true);{2049.2204882604615,208.13449540182708,0.0};18;['going to port'];[People(26),People(1),People(8),People(30),People(48),People(38),People(5),People(36)];'People6';predicate(need to take a decision on whether to board,true);predicate(need to take a decision on whether to evacuate,true);0.3858761625710695;predicate(Eruption,false);predicate(no friend needs help,true);[];0.7447645062650518;[];0.41541975191259584;nil;0.0;nil;[BDIPlan(lets_wander),BDIPlan(prepare),BDIPlan(go_rescue),BDIPlan(choose_whether_to_evacuate),BDIPlan(update_friends),BDIPlan(go_to_nearest_port),BDIPlan(wait_to_board)];0.7508518113247711;Port(1);predicate(prepared to evacuate,true);predicate(preparing to evacuate,true);false;8.333333333333334;0.6141238374289305;predicate(rescue someone,true);[];[(People26,0.8,0.1,0.2,0.5,0.9),(People1,0.0,0.4,0.3,0.3,0.5),(People8,0.6,0.8,0.8,0.5,0.8),(People30,0.6,0.9,0.7,0.2,0.0),(People48,0.2,0.2,0.1,0.8,0.6),(People38,0.3,0.7,0.6,0.9,0.0),(People5,0.5,0.9,1.0,0.4,0.2),(People36,0.3,0.5,0.6,0.3,0.5)];8.333333333333334;['use plan : go_to_nearest_port','no more subintention forIntention(predicate(at target port,true),People6,1.0,-1)','use plan : go_to_nearest_port','no more subintention forIntention(predicate(at target port,true),People6,1.0,-1)','use plan : go_to_nearest_port'];1.0;predicate(took an evacuation decision,true);0.0;0.25;[];true;false;false;true;true;30.0;predicate(decided to wait for someone,true)
7;predicate(Eruption,true);0.5866198892609173;predicate(at target port,true);[Belief(predicate(evacuation order,true),People7,1.0,-1),Belief(predicate(decided to go to port,true),People7,1.0,-1),Belief(predicate(took an evacuation decision,true),People7,1.0,512),Belief(predicate(prepared to evacuate,true),People7,1.0,-1),Belief(predicate(friend status,{name=People11, location={1933.3794682227467,643.3285457547446,0.0}, status=going to port},true),People7,1.0,-1),Belief(predicate(friend status,{name=People17, location={1918.9398665853957,725.3937767828518,0.0}, status=going to port},true),People7,1.0,-1),Belief(predicate(friend status,{name=People32, location={1778.5132699741412,1488.1503078320657,0.0}, status=going to port},true),People7,1.0,-1),Belief(predicate(friend status,{name=People41, location={608.0012476621698,2703.489684504825,0.0}, status=going to port},true),People7,1.0,-1),Belief(predicate(friend status,{name=People49, location={1273.190602251936,2267.823574211147,0.0}, status=going to port},true),People7,1.0,-1),Belief(predicate(friend status,{name=People39, location={1872.767763333629,744.9327456690246,0.0}, status=going to port},true),People7,1.0,-1),Belief(predicate(friend status,{name=People44, location={1336.608539546309,1586.547575996203,0.0}, status=going to port},true),People7,1.0,-1),Belief(predicate(friend status,{name=People45, location={1886.4330275334457,2203.376529178693,0.0}, status=going to port},true),People7,1.0,-1),Belief(predicate(friend status,{name=People18, location={1774.6628832061017,942.8267887142913,0.0}, status=going to port},true),People7,1.0,-1),Belief(predicate(friend status,{name=People24, location={1932.6230835479466,1872.2059982279568,0.0}, status=going to port},true),People7,1.0,-1),Belief(predicate(friend status,{name=People40, location={1886.8572309750796,670.0954240667074,0.0}, status=going to port},true),People7,1.0,-1),Belief(predicate(friend status,{name=People42, location={5022.88193075101,7010.4390575273665,0.0}, status=going to port},true),People7,1.0,-1)];false;nil;predicate(Boom,true);0.5658196817519894;#blue;predicate(communicate status,true);0.4389293451131581;0.5;Roads(2879);nil;([Roads(2879),Roads(2874),Roads(2925),Roads(583),Roads(634),Roads(2553),Roads(473),Roads(946)]) as path;BDIPlan(go_to_nearest_port);false;[Desire(predicate(at target port,true),People7,1.0,-1),Desire(predicate(Eruption,false),People7,1.0,-1),Desire(predicate(preparing to evacuate,true),People7,1.0,-1)];{1150.0055505466714,1942.009625862882,0.0};[];predicate(enjoying my time,true);predicate(evacuation order,true);0.5658196817519894;emotion(fear,predicate(Eruption,true),0.0,null,null);nil;nil;predicate(decided to go rescue someone,true);predicate(decided to go to port,true);302.3537892098883;[];predicate(in target port,true);7;[Intention(predicate(at target port,true),People7,1.0,-1)];0.6625174300447937;emotion(joy,predicate(in target port,true),0.0,null,null);[];predicate(left the island,true);{1145.5460035082845,1949.0492909583863,0.0};18;['going to port'];[People(41),People(42),People(17),People(49),People(11),People(24),People(39),People(18),People(45),People(44),People(40),People(32)];'People7';predicate(need to take a decision on whether to board,true);predicate(need to take a decision on whether to evacuate,true);0.8038563922705806;predicate(Eruption,false);predicate(no friend needs help,true);[];0.7160828284402844;[];0.22281727976559595;nil;0.0;nil;[BDIPlan(lets_wander),BDIPlan(prepare),BDIPlan(go_rescue),BDIPlan(choose_whether_to_evacuate),BDIPlan(update_friends),BDIPlan(go_to_nearest_port),BDIPlan(wait_to_board)];0.6625174300447937;Port(1);predicate(prepared to evacuate,true);predicate(preparing to evacuate,true);false;8.333333333333334;0.1961436077294194;predicate(rescue someone,true);[];[(People41,0.6,0.8,0.9,0.2,1.0),(People42,0.9,0.9,0.4,0.4,0.3),(People17,0.3,0.8,0.0,0.5,0.4),(People49,0.8,0.0,1.0,0.6,0.0),(People11,0.8,0.3,0.2,0.0,0.2),(People24,0.3,0.7,0.9,0.9,0.6),(People39,0.2,0.3,0.5,0.4,0.6),(People18,0.3,0.1,0.9,0.4,0.3),(People45,0.9,0.0,0.8,0.7,0.3),(People44,0.6,0.7,0.3,0.4,0.2),(People40,0.8,0.0,0.6,1.0,0.5),(People32,0.4,0.7,0.2,0.4,0.8)];8.333333333333334;['use plan : go_to_nearest_port','no more subintention forIntention(predicate(at target port,true),People7,1.0,-1)','use plan : go_to_nearest_port','no more subintention forIntention(predicate(at target port,true),People7,1.0,-1)','use plan : go_to_nearest_port'];1.0;predicate(took an evacuation decision,true);0.0;0.25;[];true;false;false;true;true;30.0;predicate(decided to wait for someone,true)
8;predicate(Eruption,true);0.5818447653557655;predicate(at target port,true);[Belief(predicate(evacuation order,true),People8,1.0,-1),Belief(predicate(decided to go to port,true),People8,1.0,-1),Belief(predicate(took an evacuation decision,true),People8,1.0,473),Belief(predicate(prepared to evacuate,true),People8,1.0,-1),Belief(predicate(friend status,{name=People1, location={1836.5764447991878,934.0853978409024,0.0}, status=going to port},true),People8,1.0,-1),Belief(predicate(friend status,{name=People5, location={2167.973465660715,238.07863091713517,0.0}, status=going to port},true),People8,1.0,-1),Belief(predicate(friend status,{name=People6, location={2024.1668091934098,194.2730616459417,0.0}, status=going to port},true),People8,1.0,-1),Belief(predicate(friend status,{name=People38, location={576.583115110955,2694.008693095126,0.0}, status=going to port},true),People8,1.0,-1),Belief(predicate(friend status,{name=People26, location={1926.8350882065436,1519.5053493058415,0.0}, status=going to port},true),People8,1.0,-1),Belief(predicate(friend status,{name=People36, location={3921.408352826312,3605.637264094785,0.0}, status=going to port},true),People8,1.0,-1),Belief(predicate(friend status,{name=People30, location={1919.0052699973673,3196.0577811861585,0.0}, status=going to port},true),People8,1.0,-1),Belief(predicate(friend status,{name=People48, location={1027.1107910279989,2366.1943147732154,0.0}, status=going to port},true),People8,1.0,-1)];false;nil;predicate(Boom,true);0.4687007742099254;#blue;predicate(communicate status,true);0.40617950492342425;0.5;Roads(2750);nil;([Roads(1506),Roads(1608),Roads(2750),Roads(1591),Roads(354),Roads(355),Roads(359),Roads(1221),Roads(702),Roads(651),Roads(2292),Roads(1558),Roads(1609),Roads(2733),Roads(1930),Roads(2275),Roads(2325),Roads(258),Roads(1489)]) as path;BDIPlan(go_to_nearest_port);false;[Desire(predicate(Eruption,false),People8,1.0,-1),Desire(predicate(at target port,true),People8,1.0,-1),Desire(predicate(preparing to evacuate,true),People8,1.0,-1)];{2211.9934823391422,1358.7460006304798,0.0};[];predicate(enjoying my time,true);predicate(evacuation order,true);0.4687007742099254;emotion(fear,predicate(Eruption,true),0.0,null,null);nil;nil;predicate(decided to go rescue someone,true);predicate(decided to go to port,true);156.55455122112488;[];predicate(in target port,true);8;[Intention(predicate(at target port,true),People8,1.0,-1)];0.6373221359119925;emotion(joy,predicate(in target port,true),0.0,null,null);[];predicate(left the island,true);{2219.6388098977473,1355.4303693231602,0.0};18;['going to port'];[People(26),People(1),People(30),People(48),People(38),People(6),People(5),People(36)];'People8';predicate(need to take a decision on whether to board,true);predicate(need to take a decision on whether to evacuate,true);0.7123155115598435;predicate(Eruption,false);predicate(no friend needs help,true);[];0.7028599683717909;[];0.5634978146958772;nil;0.0;nil;[BDIPlan(lets_wander),BDIPlan(prepare),BDIPlan(go_rescue),BDIPlan(choose_whether_to_evacuate),BDIPlan(update_friends),BDIPlan(go_to_nearest_port),BDIPlan(wait_to_board)];0.6373221359119925;Port(0);predicate(prepared to evacuate,true);predicate(preparing to evacuate,true);false;8.333333333333334;0.2876844884401565;predicate(rescue someone,true);[];[(People26,0.4,0.9,0.3,0.1,0.6),(People1,0.9,0.3,0.8,0.3,0.4),(People30,0.7,0.5,0.3,0.3,0.2),(People48,0.3,0.1,0.9,0.2,0.6),(People38,0.4,0.3,0.5,0.5,0.1),(People6,0.8,0.2,1.0,0.0,0.5),(People5,0.1,0.7,0.2,0.0,0.7),(People36,0.3,0.0,0.1,0.1,0.2)];8.333333333333334;['use plan : go_to_nearest_port','no more subintention forIntention(predicate(at target port,true),People8,1.0,-1)','use plan : go_to_nearest_port','no more subintention forIntention(predicate(at target port,true),People8,1.0,-1)','use plan : go_to_nearest_port'];1.0;predicate(took an evacuation decision,true);0.0;0.25;[];true;false;false;true;true;30.0;predicate(decided to wait for someone,true)
9;predicate(Eruption,true);0.3708042148092501;predicate(at target port,true);[Belief(predicate(evacuation order,true),People9,1.0,-1),Belief(predicate(decided to go to port,true),People9,1.0,-1),Belief(predicate(took an evacuation decision,true),People9,1.0,713),Belief(predicate(prepared to evacuate,true),People9,1.0,-1),Belief(predicate(friend status,{name=People4, location={2010.8000557463545,1838.1191149721924,0.0}, status=going to port},true),People9,1.0,-1),Belief(predicate(friend status,{name=People15, location={1556.4104154645065,2076.906165804759,0.0}, status=going to port},true),People9,1.0,-1),Belief(predicate(friend status,{name=People2, location={3670.8153330897912,3283.0758224661117,0.0}, status=going to port},true),People9,1.0,-1),Belief(predicate(friend status,{name=People37, location={4156.653186308459,5855.8374393850645,0.0}, status=going to port},true),People9,1.0,-1),Belief(predicate(friend status,{name=People13, location={1112.690313228814,2078.526009020821,0.0}, status=going to port},true),People9,1.0,-1),Belief(predicate(friend status,{name=People27, location={1850.7935507416785,2091.7192314155322,0.0}, status=going to port},true),People9,1.0,-1),Belief(predicate(friend status,{name=People3, location={1826.4036451443699,1672.1964716181162,0.0}, status=going to port},true),People9,1.0,-1)];false;nil;predicate(Boom,true);0.5833620723879798;#blue;predicate(communicate status,true);0.6061251552639081;0.5;Roads(1049);nil;([Roads(245),Roads(1271),Roads(1049),Roads(685),Roads(600),Roads(2661),Roads(2715),Roads(1015),Roads(1066),Roads(1117),Roads(1032),Roads(2697),Roads(1592),Roads(1507),Roads(1389),Roads(736),Roads(2501),Roads(2483),Roads(2016),Roads(1221),Roads(702),Roads(651),Roads(2292),Roads(1558),Roads(1609),Roads(2733),Roads(1930),Roads(2275),Roads(2308),Roads(2361),Roads(2414),Roads(2787),Roads(1423),Roads(1473),Roads(2188),Roads(914),Roads(834),Roads(981),Roads(998),Roads(2324),Roads(361),Roads(360),Roads(1575),Roads(169),Roads(164),Roads(165),Roads(1877),Roads(171),Roads(634),Roads(2553),Roads(473),Roads(946)]) as path;BDIPlan(go_to_nearest_port);false;[Desire(predicate(at target port,true),People9,1.0,-1),Desire(predicate(Eruption,false),People9,1.0,-1),Desire(predicate(preparing to evacuate,true),People9,1.0,-1)];{1901.0730405512782,590.0368082448738,0.0};[];predicate(enjoying my time,true);predicate(evacuation order,true);0.5833620723879798;emotion(fear,predicate(Eruption,true),0.0,null,null);nil;nil;predicate(decided to go rescue someone,true);predicate(decided to go to port,true);100.06873654315059;[];predicate(in target port,true);9;[Intention(predicate(at target port,true),People9,1.0,-1)];0.7785404005341714;emotion(joy,predicate(in target port,true),0.0,null,null);[];predicate(left the island,true);{1902.529953097933,581.8318188923002,0.0};18;['going to port'];[People(3),People(27),People(37),People(15),People(13),People(4),People(2)];'People9';predicate(need to take a decision on whether to board,true);predicate(need to take a decision on whether to evacuate,true);0.4981096507763432;predicate(Eruption,false);predicate(no friend needs help,true);[];0.6989024860712538;[];0.5167842494305166;nil;0.0;nil;[BDIPlan(lets_wander),BDIPlan(prepare),BDIPlan(go_rescue),BDIPlan(choose_whether_to_evacuate),BDIPlan(update_friends),BDIPlan(go_to_nearest_port),BDIPlan(wait_to_board)];0.7785404005341714;Port(1);predicate(prepared to evacuate,true);predicate(preparing to evacuate,true);false;8.333333333333334;0.5018903492236568;predicate(rescue someone,true);[];[(People3,1.0,0.6,0.1,0.3,0.0),(People27,0.6,0.1,0.2,0.1,0.8),(People37,0.3,0.2,0.1,0.1,0.5),(People15,0.4,0.4,1.0,0.4,0.1),(People13,0.0,0.5,0.6,0.4,0.9),(People4,0.5,0.7,0.4,0.8,0.7),(People2,0.4,0.3,0.9,0.9,0.3)];8.333333333333334;['use plan : go_to_nearest_port','no more subintention forIntention(predicate(at target port,true),People9,1.0,-1)','use plan : go_to_nearest_port','no more subintention forIntention(predicate(at target port,true),People9,1.0,-1)','use plan : go_to_nearest_port'];2.0;predicate(took an evacuation decision,true);0.0;0.25;[];true;false;false;true;true;30.0;predicate(decided to wait for someone,true)
10;predicate(Eruption,true);0.528312183719306;predicate(at target port,true);[Belief(predicate(evacuation order,true),People10,1.0,-1),Belief(predicate(decided to go to port,true),People10,1.0,-1),Belief(predicate(took an evacuation decision,true),People10,1.0,715),Belief(predicate(prepared to evacuate,true),People10,1.0,-1),Belief(predicate(friend status,{name=People31, location={2650.3106666377585,858.590721078374,0.0}, status=going to port},true),People10,1.0,-1),Belief(predicate(friend status,{name=People34, location={1877.3807828637305,2299.606891882056,0.0}, status=going to port},true),People10,1.0,-1),Belief(predicate(friend status,{name=People16, location={3621.7068335360673,4998.357986046331,0.0}, status=going to port},true),People10,1.0,-1),Belief(predicate(friend status,{name=People47, location={1700.3662522968627,1055.8560720246276,0.0}, status=going to port},true),People10,1.0,-1),Belief(predicate(friend status,{name=People35, location={2068.5165894922698,1964.052766273473,0.0}, status=going to port},true),People10,1.0,-1),Belief(predicate(friend status,{name=People43, location={1645.5909675038724,2829.2167980546456,0.0}, status=going to port},true),People10,1.0,-1),Belief(predicate(friend status,{name=People20, location={1392.3032347208782,1625.7642059152333,0.0}, status=going to port},true),People10,1.0,-1)];false;nil;predicate(Boom,true);0.43390264363494696;#blue;predicate(communicate status,true);0.6076120201663887;0.5;Roads(3053);nil;([Roads(3053),Roads(3055),Roads(323),Roads(324),Roads(359),Roads(1221),Roads(702),Roads(651),Roads(2292),Roads(1558),Roads(1609),Roads(2733),Roads(1930),Roads(2275),Roads(2308),Roads(2361),Roads(2414),Roads(2787),Roads(1423),Roads(1473),Roads(2188),Roads(914),Roads(834),Roads(981),Roads(998),Roads(2324),Roads(361),Roads(360),Roads(1575),Roads(169),Roads(164),Roads(165),Roads(1877),Roads(171),Roads(634),Roads(2553),Roads(473),Roads(946)]) as path;BDIPlan(go_to_nearest_port);false;[Desire(predicate(at target port,true),People10,1.0,-1),Desire(predicate(Eruption,false),People10,1.0,-1),Desire(predicate(preparing to evacuate,true),People10,1.0,-1)];{2154.2071207225686,903.4116813809756,0.0};[];predicate(enjoying my time,true);predicate(evacuation order,true);0.43390264363494696;emotion(fear,predicate(Eruption,true),0.0,null,null);nil;nil;predicate(decided to go rescue someone,true);predicate(decided to go to port,true);120.71169259379694;[];predicate(in target port,true);10;[Intention(predicate(at target port,true),People10,1.0,-1)];0.7794947210638368;emotion(joy,predicate(in target port,true),0.0,null,null);[];predicate(left the island,true);{2158.4631072308616,896.2471141724367,0.0};18;['going to port'];[People(35),People(47),People(43),People(16),People(34),People(20),People(31)];'People10';predicate(need to take a decision on whether to board,true);predicate(need to take a decision on whether to evacuate,true);0.2625972901303141;predicate(Eruption,false);predicate(no friend needs help,true);[];0.75363260408693;[];0.29574073884554986;nil;0.0;nil;[BDIPlan(lets_wander),BDIPlan(prepare),BDIPlan(go_rescue),BDIPlan(choose_whether_to_evacuate),BDIPlan(update_friends),BDIPlan(go_to_nearest_port),BDIPlan(wait_to_board)];0.7794947210638368;Port(1);predicate(prepared to evacuate,true);predicate(preparing to evacuate,true);false;8.333333333333334;0.7374027098696859;predicate(rescue someone,true);[];[(People35,0.7,0.9,0.6,0.5,0.5),(People47,0.9,0.2,0.2,0.2,0.7),(People43,0.3,0.8,0.2,0.1,0.2),(People16,0.4,0.4,0.1,0.8,0.2),(People34,0.1,0.6,0.8,0.0,0.8),(People20,0.9,0.1,0.3,0.2,0.1),(People31,0.1,0.0,1.0,0.3,0.8)];8.333333333333334;['use plan : go_to_nearest_port','no more subintention forIntention(predicate(at target port,true),People10,1.0,-1)','use plan : go_to_nearest_port','no more subintention forIntention(predicate(at target port,true),People10,1.0,-1)','use plan : go_to_nearest_port'];3.0;predicate(took an evacuation decision,true);0.0;0.25;[];true;false;false;true;true;30.0;predicate(decided to wait for someone,true)
11;predicate(Eruption,true);0.5843421795432912;predicate(at target port,true);[Belief(predicate(evacuation order,true),People11,1.0,-1),Belief(predicate(decided to go to port,true),People11,1.0,-1),Belief(predicate(took an evacuation decision,true),People11,1.0,711),Belief(predicate(prepared to evacuate,true),People11,1.0,-1),Belief(predicate(friend status,{name=People7, location={1142.8080939013107,1942.8199075129835,0.0}, status=going to port},true),People11,1.0,-1),Belief(predicate(friend status,{name=People17, location={1918.9398665853957,725.3937767828518,0.0}, status=going to port},true),People11,1.0,-1),Belief(predicate(friend status,{name=People32, location={1778.5132699741412,1488.1503078320657,0.0}, status=going to port},true),People11,1.0,-1),Belief(predicate(friend status,{name=People41, location={608.0012476621698,2703.489684504825,0.0}, status=going to port},true),People11,1.0,-1),Belief(predicate(friend status,{name=People49, location={1273.190602251936,2267.823574211147,0.0}, status=going to port},true),People11,1.0,-1),Belief(predicate(friend status,{name=People39, location={1872.767763333629,744.9327456690246,0.0}, status=going to port},true),People11,1.0,-1),Belief(predicate(friend status,{name=People44, location={1336.608539546309,1586.547575996203,0.0}, status=going to port},true),People11,1.0,-1),Belief(predicate(friend status,{name=People45, location={1886.4330275334457,2203.376529178693,0.0}, status=going to port},true),People11,1.0,-1),Belief(predicate(friend status,{name=People18, location={1774.6628832061017,942.8267887142913,0.0}, status=going to port},true),People11,1.0,-1),Belief(predicate(friend status,{name=People24, location={1932.6230835479466,1872.2059982279568,0.0}, status=going to port},true),People11,1.0,-1),Belief(predicate(friend status,{name=People40, location={1886.8572309750796,670.0954240667074,0.0}, status=going to port},true),People11,1.0,-1),Belief(predicate(friend status,{name=People42, location={5022.88193075101,7010.4390575273665,0.0}, status=going to port},true),People11,1.0,-1)];false;nil;predicate(Boom,true);0.37504559106222923;#blue;predicate(communicate status,true);0.6043277405695432;0.5;Roads(479);nil;([Roads(479),Roads(685),Roads(600),Roads(2661),Roads(2715),Roads(1015),Roads(1066),Roads(1117),Roads(1032),Roads(2697),Roads(1592),Roads(1507),Roads(1389),Roads(736),Roads(2501),Roads(2483),Roads(2016),Roads(1221),Roads(702),Roads(651),Roads(2292),Roads(1558),Roads(1609),Roads(2733),Roads(1930),Roads(2275),Roads(2308),Roads(2361),Roads(2414),Roads(2787),Roads(1423),Roads(1473),Roads(2188),Roads(914),Roads(834),Roads(981),Roads(998),Roads(2324),Roads(361),Roads(360),Roads(1575),Roads(169),Roads(164),Roads(165),Roads(1877),Roads(171),Roads(634),Roads(2553),Roads(473),Roads(946)]) as path;BDIPlan(go_to_nearest_port);false;[Desire(predicate(at target port,true),People11,1.0,-1),Desire(predicate(preparing to evacuate,true),People11,1.0,-1),Desire(predicate(Eruption,false),People11,1.0,-1)];{1907.54890073476,633.0031546930444,0.0};[];predicate(enjoying my time,true);predicate(evacuation order,true);0.37504559106222923;emotion(fear,predicate(Eruption,true),0.0,null,null);nil;nil;predicate(decided to go rescue someone,true);predicate(decided to go to port,true);200.8895019309114;[];predicate(in target port,true);11;[Intention(predicate(at target port,true),People11,1.0,-1)];0.7773851944625285;emotion(joy,predicate(in target port,true),0.0,null,null);[];predicate(left the island,true);{1915.334482587008,635.9745448839128,0.0};18;['going to port'];[People(41),People(42),People(17),People(49),People(7),People(24),People(39),People(18),People(45),People(44),People(40),People(32)];'People11';predicate(need to take a decision on whether to board,true);predicate(need to take a decision on whether to evacuate,true);0.3092120159900232;predicate(Eruption,false);predicate(no friend needs help,true);[];0.7709312291355288;[];0.40962610312630954;nil;0.0;nil;[BDIPlan(lets_wander),BDIPlan(prepare),BDIPlan(go_rescue),BDIPlan(choose_whether_to_evacuate),BDIPlan(update_friends),BDIPlan(go_to_nearest_port),BDIPlan(wait_to_board)];0.7773851944625285;Port(1);predicate(prepared to evacuate,true);predicate(preparing to evacuate,true);false;8.333333333333334;0.6907879840099769;predicate(rescue someone,true);[];[(People41,0.4,0.6,1.0,0.1,0.1),(People42,0.7,0.4,0.3,0.7,0.7),(People17,0.9,0.2,0.8,0.7,0.5),(People49,0.6,0.3,0.0,0.8,0.1),(People7,0.4,0.9,0.4,0.1,0.8),(People24,0.5,0.7,0.7,0.5,0.1),(People39,0.6,0.4,0.8,0.5,0.4),(People18,0.6,0.2,0.5,0.4,0.9),(People45,0.4,0.2,0.8,0.1,0.4),(People44,0.6,0.7,0.7,0.5,0.9),(People40,0.1,0.7,0.2,0.1,0.7),(People32,0.5,0.6,0.7,0.2,0.8)];8.333333333333334;['use plan : go_to_nearest_port','no more subintention forIntention(predicate(at target port,true),People11,1.0,-1)','use plan : go_to_nearest_port','no more subintention forIntention(predicate(at target port,true),People11,1.0,-1)','use plan : go_to_nearest_port'];1.0;predicate(took an evacuation decision,true);0.0;0.25;[];true;false;false;true;true;30.0;predicate(decided to wait for someone,true)
12;predicate(Eruption,true);0.6264466696765533;predicate(at target port,true);[Belief(predicate(evacuation order,true),People12,1.0,-1),Belief(predicate(decided to go to port,true),People12,1.0,-1),Belief(predicate(took an evacuation decision,true),People12,1.0,286),Belief(predicate(prepared to evacuate,true),People12,1.0,-1),Belief(predicate(friend status,{name=People21, location={2592.5513636433793,806.8639593593358,0.0}, status=going to port},true),People12,1.0,-1),Belief(predicate(friend status,{name=People14, location={1983.571451316273,2119.589627414368,0.0}, status=going to port},true),People12,1.0,-1),Belief(predicate(friend status,{name=People22, location={1783.5736632642063,1637.4310532483426,0.0}, status=going to port},true),People12,1.0,-1),Belief(predicate(friend status,{name=People28, location={2306.8094267822075,4464.5838701018365,0.0}, status=going to port},true),People12,1.0,-1),Belief(predicate(friend status,{name=People29, location={1169.3516056977653,2635.059378823149,0.0}, status=going to port},true),People12,1.0,-1)];false;nil;predicate(Boom,true);0.5867372862503956;#blue;predicate(communicate status,true);0.239394378582601;0.5;Roads(386);nil;([Roads(386),Roads(384),Roads(1895),Roads(2430),Roads(256),Roads(1489)]) as path;BDIPlan(go_to_nearest_port);false;[Desire(predicate(at target port,true),People12,1.0,-1),Desire(predicate(Eruption,false),People12,1.0,-1),Desire(predicate(preparing to evacuate,true),People12,1.0,-1)];{1917.0229208971364,2008.6301139080063,0.0};[];predicate(enjoying my time,true);predicate(evacuation order,true);0.5867372862503956;emotion(fear,predicate(Eruption,true),0.0,null,null);nil;nil;predicate(decided to go rescue someone,true);predicate(decided to go to port,true);14.5249201584982;[];predicate(in target port,true);12;[Intention(predicate(at target port,true),People12,1.0,-1)];0.4892794483550285;emotion(joy,predicate(in target port,true),0.0,null,null);[];predicate(left the island,true);{1908.9559321569202,2006.5401050301139,0.0};18;['going to port'];[People(28),People(22),People(21),People(14),People(29)];'People12';predicate(need to take a decision on whether to board,true);predicate(need to take a decision on whether to evacuate,true);0.45428835825596475;predicate(Eruption,false);predicate(no friend needs help,true);[];0.6579669627949242;[];0.729782869926102;nil;0.0;nil;[BDIPlan(lets_wander),BDIPlan(prepare),BDIPlan(go_rescue),BDIPlan(choose_whether_to_evacuate),BDIPlan(update_friends),BDIPlan(go_to_nearest_port),BDIPlan(wait_to_board)];0.4892794483550285;Port(0);predicate(prepared to evacuate,true);predicate(preparing to evacuate,true);false;8.333333333333334;0.5457116417440353;predicate(rescue someone,true);[];[(People28,0.6,0.6,0.8,0.0,0.4),(People22,0.8,0.5,0.7,0.2,0.2),(People21,0.7,0.2,0.7,0.9,0.8),(People14,0.1,0.5,1.0,0.3,0.4),(People29,0.4,0.6,0.5,0.7,0.1)];8.333333333333334;['use plan : go_to_nearest_port','no more subintention forIntention(predicate(at target port,true),People12,1.0,-1)','use plan : go_to_nearest_port','no more subintention forIntention(predicate(at target port,true),People12,1.0,-1)','use plan : go_to_nearest_port'];1.0;predicate(took an evacuation decision,true);0.0;0.25;[];true;false;false;true;true;30.0;predicate(decided to wait for someone,true)
13;predicate(Eruption,true);0.46202150771800593;predicate(at target port,true);[Belief(predicate(evacuation order,true),People13,1.0,-1),Belief(predicate(decided to go to port,true),People13,1.0,-1),Belief(predicate(took an evacuation decision,true),People13,1.0,713),Belief(predicate(prepared to evacuate,true),People13,1.0,-1),Belief(predicate(friend status,{name=People4, location={2010.8000557463545,1838.1191149721924,0.0}, status=going to port},true),People13,1.0,-1),Belief(predicate(friend status,{name=People9, location={1943.0405286208425,516.826222732286,0.0}, status=going to port},true),People13,1.0,-1),Belief(predicate(friend status,{name=People15, location={1556.4104154645065,2076.906165804759,0.0}, status=going to port},true),People13,1.0,-1),Belief(predicate(friend status,{name=People2, location={3670.8153330897912,3283.0758224661117,0.0}, status=going to port},true),People13,1.0,-1),Belief(predicate(friend status,{name=People37, location={4156.653186308459,5855.8374393850645,0.0}, status=going to port},true),People13,1.0,-1),Belief(predicate(friend status,{name=People27, location={1850.7935507416785,2091.7192314155322,0.0}, status=going to port},true),People13,1.0,-1),Belief(predicate(friend status,{name=People3, location={1826.4036451443699,1672.1964716181162,0.0}, status=going to port},true),People13,1.0,-1)];false;nil;predicate(Boom,true);0.5373437002949694;#blue;predicate(communicate status,true);0.6058397688829399;0.5;Roads(1321);nil;([Roads(2684),Roads(2679),Roads(1321),Roads(1238),Roads(2874),Roads(2925),Roads(583),Roads(634),Roads(2553),Roads(473),Roads(946)]) as path;BDIPlan(go_to_nearest_port);false;[Desire(predicate(Eruption,false),People13,1.0,-1),Desire(predicate(at target port,true),People13,1.0,-1),Desire(predicate(preparing to evacuate,true),People13,1.0,-1)];{1115.0783093371122,2033.397514671738,0.0};[];predicate(enjoying my time,true);predicate(evacuation order,true);0.5373437002949694;emotion(fear,predicate(Eruption,true),0.0,null,null);nil;nil;predicate(decided to go rescue someone,true);predicate(decided to go to port,true);272.69769144154;[];predicate(in target port,true);13;[Intention(predicate(at target port,true),People13,1.0,-1)];0.7783570959931823;emotion(joy,predicate(in target port,true),0.0,null,null);[];predicate(left the island,true);{1114.686090974992,2041.7216127730858,0.0};18;['going to port'];[People(3),People(27),People(9),People(37),People(15),People(4),People(2)];'People13';predicate(need to take a decision on whether to board,true);predicate(need to take a decision on whether to evacuate,true);0.7514537511428594;predicate(Eruption,false);predicate(no friend needs help,true);[];0.7307055756599049;[];0.4250005484957469;nil;0.0;nil;[BDIPlan(lets_wander),BDIPlan(prepare),BDIPlan(go_rescue),BDIPlan(choose_whether_to_evacuate),BDIPlan(update_friends),BDIPlan(go_to_nearest_port),BDIPlan(wait_to_board)];0.7783570959931823;Port(1);predicate(prepared to evacuate,true);predicate(preparing to evacuate,true);false;8.333333333333334;0.2485462488571406;predicate(rescue someone,true);[];[(People3,0.6,0.9,0.5,0.4,0.9),(People27,0.0,0.8,0.2,0.3,0.3),(People9,0.7,0.8,0.5,0.5,0.3),(People37,0.2,0.4,0.0,0.9,0.6),(People15,0.9,0.0,0.6,0.3,0.6),(People4,0.7,0.3,0.8,0.0,0.3),(People2,0.2,0.1,0.5,0.5,0.8)];8.333333333333334;['use plan : go_to_nearest_port','no more subintention forIntention(predicate(at target port,true),People13,1.0,-1)','use plan : go_to_nearest_port','no more subintention forIntention(predicate(at target port,true),People13,1.0,-1)','use plan : go_to_nearest_port'];4.0;predicate(took an evacuation decision,true);0.0;0.25;[];true;false;false;true;true;30.0;predicate(decided to wait for someone,true)
14;predicate(Eruption,true);0.5953368753156228;predicate(at target port,true);[Belief(predicate(evacuation order,true),People14,1.0,-1),Belief(predicate(decided to go to port,true),People14,1.0,-1),Belief(predicate(took an evacuation decision,true),People14,1.0,513),Belief(predicate(prepared to evacuate,true),People14,1.0,-1),Belief(predicate(friend status,{name=People12, location={1820.5809019755538,1982.3155577358345,0.0}, status=going to port},true),People14,1.0,-1),Belief(predicate(friend status,{name=People21, location={2592.5513636433793,806.8639593593358,0.0}, status=going to port},true),People14,1.0,-1),Belief(predicate(friend status,{name=People22, location={1783.5736632642063,1637.4310532483426,0.0}, status=going to port},true),People14,1.0,-1),Belief(predicate(friend status,{name=People28, location={2306.8094267822075,4464.5838701018365,0.0}, status=going to port},true),People14,1.0,-1),Belief(predicate(friend status,{name=People29, location={1169.3516056977653,2635.059378823149,0.0}, status=going to port},true),People14,1.0,-1)];false;nil;predicate(Boom,true);0.21861395260667893;#blue;predicate(communicate status,true);0.43994721023676486;0.5;Roads(2957);nil;([Roads(1524),Roads(2205),Roads(1727),Roads(1642),Roads(2957),Roads(2941),Roads(2396),Roads(256),Roads(1489)]) as path;BDIPlan(go_to_nearest_port);false;[Desire(predicate(Eruption,false),People14,1.0,-1),Desire(predicate(preparing to evacuate,true),People14,1.0,-1),Desire(predicate(at target port,true),People14,1.0,-1)];{2036.671114700016,2056.271138896891,0.0};[];predicate(enjoying my time,true);predicate(evacuation order,true);0.21861395260667893;emotion(fear,predicate(Eruption,true),0.0,null,null);nil;nil;predicate(decided to go rescue someone,true);predicate(decided to go to port,true);296.7309474192365;[];predicate(in target port,true);14;[Intention(predicate(at target port,true),People14,1.0,-1)];0.6632851650962539;emotion(joy,predicate(in target port,true),0.0,null,null);[];predicate(left the island,true);{2032.9227690864093,2063.713876941818,0.0};18;['going to port'];[People(28),People(22),People(21),People(29),People(12)];'People14';predicate(need to take a decision on whether to board,true);predicate(need to take a decision on whether to evacuate,true);0.67427847848054;predicate(Eruption,false);predicate(no friend needs help,true);[];0.7194734482774148;[];0.48763182474748307;nil;0.0;nil;[BDIPlan(lets_wander),BDIPlan(prepare),BDIPlan(go_rescue),BDIPlan(choose_whether_to_evacuate),BDIPlan(update_friends),BDIPlan(go_to_nearest_port),BDIPlan(wait_to_board)];0.6632851650962539;Port(0);predicate(prepared to evacuate,true);predicate(preparing to evacuate,true);false;8.333333333333334;0.32572152151946;predicate(rescue someone,true);[];[(People28,0.0,0.6,1.0,0.2,0.4),(People22,0.3,0.1,0.7,0.7,0.6),(People21,0.2,0.0,0.4,0.6,0.4),(People29,0.4,0.2,0.1,0.9,0.7),(People12,0.3,0.0,0.4,0.8,0.1)];8.333333333333334;['use plan : go_to_nearest_port','no more subintention forIntention(predicate(at target port,true),People14,1.0,-1)','use plan : go_to_nearest_port','no more subintention forIntention(predicate(at target port,true),People14,1.0,-1)','use plan : go_to_nearest_port'];3.0;predicate(took an evacuation decision,true);0.0;0.25;[];true;false;false;true;true;30.0;predicate(decided to wait for someone,true)
15;predicate(Eruption,true);0.5068523061930249;predicate(at target port,true);[Belief(predicate(evacuation order,true),People15,1.0,-1),Belief(predicate(decided to go to port,true),People15,1.0,-1),Belief(predicate(took an evacuation decision,true),People15,1.0,777),Belief(predicate(prepared to evacuate,true),People15,1.0,-1),Belief(predicate(friend status,{name=People4, location={2010.8000557463545,1838.1191149721924,0.0}, status=going to port},true),People15,1.0,-1),Belief(predicate(friend status,{name=People9, location={1943.0405286208425,516.826222732286,0.0}, status=going to port},true),People15,1.0,-1),Belief(predicate(friend status,{name=People2, location={3670.8153330897912,3283.0758224661117,0.0}, status=going to port},true),People15,1.0,-1),Belief(predicate(friend status,{name=People37, location={4156.653186308459,5855.8374393850645,0.0}, status=going to port},true),People15,1.0,-1),Belief(predicate(friend status,{name=People13, location={1112.690313228814,2078.526009020821,0.0}, status=going to port},true),People15,1.0,-1),Belief(predicate(friend status,{name=People27, location={1850.7935507416785,2091.7192314155322,0.0}, status=going to port},true),People15,1.0,-1),Belief(predicate(friend status,{name=People3, location={1826.4036451443699,1672.1964716181162,0.0}, status=going to port},true),People15,1.0,-1)];false;nil;predicate(Boom,true);0.5826630422901148;#blue;predicate(communicate status,true);0.6597296822059329;0.5;Roads(2032);nil;([Roads(2067),Roads(2083),Roads(2032),Roads(2049),Roads(1406),Roads(1355),Roads(998),Roads(981),Roads(834),Roads(914),Roads(2188),Roads(1473),Roads(1423),Roads(2787),Roads(2414),Roads(2361),Roads(2308),Roads(2325),Roads(258),Roads(1489)]) as path;BDIPlan(go_to_nearest_port);false;[Desire(predicate(at target port,true),People15,1.0,-1),Desire(predicate(preparing to evacuate,true),People15,1.0,-1),Desire(predicate(Eruption,false),People15,1.0,-1)];{1605.607403379676,2102.6023307020705,0.0};[];predicate(enjoying my time,true);predicate(evacuation order,true);0.5826630422901148;emotion(fear,predicate(Eruption,true),0.0,null,null);nil;nil;predicate(decided to go rescue someone,true);predicate(decided to go to port,true);325.54743112965787;[];predicate(in target port,true);15;[Intention(predicate(at target port,true),People15,1.0,-1)];0.812237454323508;emotion(joy,predicate(in target port,true),0.0,null,null);[];predicate(left the island,true);{1598.7357800971324,2107.3166957608296,0.0};18;['going to port'];[People(3),People(27),People(9),People(37),People(13),People(4),People(2)];'People15';predicate(need to take a decision on whether to board,true);predicate(need to take a decision on whether to evacuate,true);0.43221588385311693;predicate(Eruption,false);predicate(no friend needs help,true);[];0.7637348978536196;[];0.5503927601349755;nil;0.0;nil;[BDIPlan(lets_wander),BDIPlan(prepare),BDIPlan(go_rescue),BDIPlan(choose_whether_to_evacuate),BDIPlan(update_friends),BDIPlan(go_to_nearest_port),BDIPlan(wait_to_board)];0.812237454323508;Port(0);predicate(prepared to evacuate,true);predicate(preparing to evacuate,true);false;8.333333333333334;0.5677841161468831;predicate(rescue someone,true);[];[(People3,0.4,0.9,0.1,0.7,0.3),(People27,0.3,0.5,0.7,0.4,0.9),(People9,0.9,0.0,0.6,0.0,0.1),(People37,0.1,0.3,0.7,0.4,0.9),(People13,0.8,0.7,0.2,0.3,0.1),(People4,0.9,0.0,0.0,0.3,0.9),(People2,0.1,0.2,0.8,0.9,0.5)];8.333333333333334;['use plan : go_to_nearest_port','no more subintention forIntention(predicate(at target port,true),People15,1.0,-1)','use plan : go_to_nearest_port','no more subintention forIntention(predicate(at target port,true),People15,1.0,-1)','use plan : go_to_nearest_port'];2.0;predicate(took an evacuation decision,true);0.0;0.25;[];true;false;false;true;true;30.0;predicate(decided to wait for someone,true)
16;predicate(Eruption,true);0.6104371728776508;predicate(at target port,true);[Belief(predicate(evacuation order,true),People16,1.0,-1),Belief(predicate(decided to go to port,true),People16,1.0,-1),Belief(predicate(took an evacuation decision,true),People16,1.0,499),Belief(predicate(prepared to evacuate,true),People16,1.0,-1),Belief(predicate(friend status,{name=People31, location={2650.3106666377585,858.590721078374,0.0}, status=going to port},true),People16,1.0,-1),Belief(predicate(friend status,{name=People34, location={1877.3807828637305,2299.606891882056,0.0}, status=going to port},true),People16,1.0,-1),Belief(predicate(friend status,{name=People10, location={2197.77511653515,832.382852059062,0.0}, status=going to port},true),People16,1.0,-1),Belief(predicate(friend status,{name=People47, location={1700.3662522968627,1055.8560720246276,0.0}, status=going to port},true),People16,1.0,-1),Belief(predicate(friend status,{name=People35, location={2068.5165894922698,1964.052766273473,0.0}, status=going to port},true),People16,1.0,-1),Belief(predicate(friend status,{name=People43, location={1645.5909675038724,2829.2167980546456,0.0}, status=going to port},true),People16,1.0,-1),Belief(predicate(friend status,{name=People20, location={1392.3032347208782,1625.7642059152333,0.0}, status=going to port},true),People16,1.0,-1)];false;nil;predicate(Boom,true);0.5306387210856848;#blue;predicate(communicate status,true);0.4279135919468976;0.5;Roads(423);nil;([Roads(423),Roads(3),Roads(2464),Roads(9),Roads(257),Roads(3027),Roads(133),Roads(3015),Roads(3010),Roads(3048),Roads(2377),Roads(2395),Roads(2341),Roads(2359),Roads(2446),Roads(3041),Roads(3042),Roads(3050),Roads(3052),Roads(163),Roads(162),Roads(470)]) as path;BDIPlan(go_to_nearest_port);false;[Desire(predicate(preparing to evacuate,true),People16,1.0,-1),Desire(predicate(at target port,true),People16,1.0,-1),Desire(predicate(Eruption,false),People16,1.0,-1)];{3576.720946804791,5067.306560992054,0.0};[];predicate(enjoying my time,true);predicate(evacuation order,true);0.5306387210856848;emotion(fear,predicate(Eruption,true),0.0,null,null);nil;nil;predicate(decided to go rescue someone,true);predicate(decided to go to port,true);119.61574526018308;[];predicate(in target port,true);16;[Intention(predicate(at target port,true),People16,1.0,-1)];0.6541510467368356;emotion(joy,predicate(in target port,true),0.0,null,null);[];predicate(left the island,true);{3580.8391200623178,5060.061901340598,0.0};18;['going to port'];[People(35),People(47),People(43),People(34),People(20),People(10),People(31)];'People16';predicate(need to take a decision on whether to board,true);predicate(need to take a decision on whether to evacuate,true);0.57160087212301;predicate(Eruption,false);predicate(no friend needs help,true);[];0.7205382588123092;[];0.5889655103723936;nil;0.0;nil;[BDIPlan(lets_wander),BDIPlan(prepare),BDIPlan(go_rescue),BDIPlan(choose_whether_to_evacuate),BDIPlan(update_friends),BDIPlan(go_to_nearest_port),BDIPlan(wait_to_board)];0.6541510467368356;Port(2);predicate(prepared to evacuate,true);predicate(preparing to evacuate,true);false;8.333333333333334;0.42839912787698997;predicate(rescue someone,true);[];[(People35,0.5,0.8,0.6,0.6,0.7),(People47,0.8,0.2,0.5,0.4,0.5),(People43,0.8,0.2,0.2,0.7,0.2),(People34,0.6,0.5,0.5,0.6,0.2),(People20,0.9,0.3,0.5,0.3,0.4),(People10,0.2,0.7,0.4,0.1,0.8),(People31,0.2,0.2,0.5,0.8,0.5)];8.333333333333334;['use plan : go_to_nearest_port','no more subintention forIntention(predicate(at target port,true),People16,1.0,-1)','use plan : go_to_nearest_port','no more subintention forIntention(predicate(at target port,true),People16,1.0,-1)','use plan : go_to_nearest_port'];3.0;predicate(took an evacuation decision,true);0.0;0.25;[];true;false;false;true;true;30.0;predicate(decided to wait for someone,true)
17;predicate(Eruption,true);0.6270611643926404;predicate(at target port,true);[Belief(predicate(evacuation order,true),People17,1.0,-1),Belief(predicate(decided to go to port,true),People17,1.0,-1),Belief(predicate(took an evacuation decision,true),People17,1.0,493),Belief(predicate(prepared to evacuate,true),People17,1.0,-1),Belief(predicate(friend status,{name=People7, location={1142.8080939013107,1942.8199075129835,0.0}, status=going to port},true),People17,1.0,-1),Belief(predicate(friend status,{name=People11, location={1933.3794682227467,643.3285457547446,0.0}, status=going to port},true),People17,1.0,-1),Belief(predicate(friend status,{name=People32, location={1778.5132699741412,1488.1503078320657,0.0}, status=going to port},true),People17,1.0,-1),Belief(predicate(friend status,{name=People41, location={608.0012476621698,2703.489684504825,0.0}, status=going to port},true),People17,1.0,-1),Belief(predicate(friend status,{name=People49, location={1273.190602251936,2267.823574211147,0.0}, status=going to port},true),People17,1.0,-1),Belief(predicate(friend status,{name=People39, location={1872.767763333629,744.9327456690246,0.0}, status=going to port},true),People17,1.0,-1),Belief(predicate(friend status,{name=People44, location={1336.608539546309,1586.547575996203,0.0}, status=going to port},true),People17,1.0,-1),Belief(predicate(friend status,{name=People45, location={1886.4330275334457,2203.376529178693,0.0}, status=going to port},true),People17,1.0,-1),Belief(predicate(friend status,{name=People18, location={1774.6628832061017,942.8267887142913,0.0}, status=going to port},true),People17,1.0,-1),Belief(predicate(friend status,{name=People24, location={1932.6230835479466,1872.2059982279568,0.0}, status=going to port},true),People17,1.0,-1),Belief(predicate(friend status,{name=People40, location={1886.8572309750796,670.0954240667074,0.0}, status=going to port},true),People17,1.0,-1),Belief(predicate(friend status,{name=People42, location={5022.88193075101,7010.4390575273665,0.0}, status=going to port},true),People17,1.0,-1)];false;nil;predicate(Boom,true);0.45236829494480046;#blue;predicate(communicate status,true);0.4233148707317287;0.5;Roads(810);nil;([Roads(810),Roads(2661),Roads(2715),Roads(1015),Roads(1066),Roads(1117),Roads(1032),Roads(2697),Roads(1592),Roads(1507),Roads(1389),Roads(736),Roads(2501),Roads(2483),Roads(2016),Roads(1221),Roads(702),Roads(651),Roads(2292),Roads(1558),Roads(1609),Roads(2733),Roads(1930),Roads(2275),Roads(2308),Roads(2361),Roads(2414),Roads(2787),Roads(1423),Roads(1473),Roads(2188),Roads(914),Roads(834),Roads(981),Roads(998),Roads(2324),Roads(361),Roads(360),Roads(1575),Roads(169),Roads(164),Roads(165),Roads(1877),Roads(171),Roads(634),Roads(2553),Roads(473),Roads(946)]) as path;BDIPlan(go_to_nearest_port);false;[Desire(predicate(Eruption,false),People17,1.0,-1),Desire(predicate(at target port,true),People17,1.0,-1),Desire(predicate(preparing to evacuate,true),People17,1.0,-1)];{1925.156236689559,710.492158082399,0.0};[];predicate(enjoying my time,true);predicate(evacuation order,true);0.45236829494480046;emotion(fear,predicate(Eruption,true),0.0,null,null);nil;nil;predicate(decided to go rescue someone,true);predicate(decided to go to port,true);199.1855898675388;[];predicate(in target port,true);17;[Intention(predicate(at target port,true),People17,1.0,-1)];0.6506265216940735;emotion(joy,predicate(in target port,true),0.0,null,null);[];predicate(left the island,true);{1933.0267287873114,713.2307340962535,0.0};18;['going to port'];[People(41),People(42),People(49),People(7),People(11),People(24),People(39),People(18),People(45),People(44),People(40),People(32)];'People17';predicate(need to take a decision on whether to board,true);predicate(need to take a decision on whether to evacuate,true);0.7093790713934095;predicate(Eruption,false);predicate(no friend needs help,true);[];0.7246985701394647;[];0.6436989950074098;nil;0.0;nil;[BDIPlan(lets_wander),BDIPlan(prepare),BDIPlan(go_rescue),BDIPlan(choose_whether_to_evacuate),BDIPlan(update_friends),BDIPlan(go_to_nearest_port),BDIPlan(wait_to_board)];0.6506265216940735;Port(1);predicate(prepared to evacuate,true);predicate(preparing to evacuate,true);false;8.333333333333334;0.2906209286065905;predicate(rescue someone,true);[];[(People41,0.8,0.8,0.7,0.7,0.8),(People42,0.8,0.7,0.6,0.6,0.0),(People49,0.9,0.7,0.3,0.2,0.6),(People7,0.3,0.9,0.7,0.3,0.1),(People11,0.0,0.0,0.2,0.9,0.2),(People24,0.5,0.1,0.0,0.3,0.6),(People39,0.2,0.5,0.9,0.9,0.1),(People18,1.0,0.1,0.3,0.2,0.9),(People45,0.5,0.0,0.6,0.1,0.3),(People44,0.1,0.6,0.2,0.3,0.4),(People40,0.3,0.1,0.7,0.7,0.6),(People32,0.6,0.6,0.8,0.1,0.7)];8.333333333333334;['use plan : go_to_nearest_port','no more subintention forIntention(predicate(at target port,true),People17,1.0,-1)','use plan : go_to_nearest_port','no more subintention forIntention(predicate(at target port,true),People17,1.0,-1)','use plan : go_to_nearest_port'];1.0;predicate(took an evacuation decision,true);0.0;0.25;[];true;false;false;true;true;30.0;predicate(decided to wait for someone,true)
18;predicate(Eruption,true);0.47072839446530446;predicate(at target port,true);[Belief(predicate(evacuation order,true),People18,1.0,-1),Belief(predicate(decided to go to port,true),People18,1.0,-1),Belief(predicate(took an evacuation decision,true),People18,1.0,694),Belief(predicate(prepared to evacuate,true),People18,1.0,-1),Belief(predicate(friend status,{name=People7, location={1142.8080939013107,1942.8199075129835,0.0}, status=going to port},true),People18,1.0,-1),Belief(predicate(friend status,{name=People11, location={1933.3794682227467,643.3285457547446,0.0}, status=going to port},true),People18,1.0,-1),Belief(predicate(friend status,{name=People17, location={1918.9398665853957,725.3937767828518,0.0}, status=going to port},true),People18,1.0,-1),Belief(predicate(friend status,{name=People32, location={1778.5132699741412,1488.1503078320657,0.0}, status=going to port},true),People18,1.0,-1),Belief(predicate(friend status,{name=People41, location={608.0012476621698,2703.489684504825,0.0}, status=going to port},true),People18,1.0,-1),Belief(predicate(friend status,{name=People49, location={1273.190602251936,2267.823574211147,0.0}, status=going to port},true),People18,1.0,-1),Belief(predicate(friend status,{name=People39, location={1872.767763333629,744.9327456690246,0.0}, status=going to port},true),People18,1.0,-1),Belief(predicate(friend status,{name=People44, location={1336.608539546309,1586.547575996203,0.0}, status=going to port},true),People18,1.0,-1),Belief(predicate(friend status,{name=People45, location={1886.4330275334457,2203.376529178693,0.0}, status=going to port},true),People18,1.0,-1),Belief(predicate(friend status,{name=People24, location={1932.6230835479466,1872.2059982279568,0.0}, status=going to port},true),People18,1.0,-1),Belief(predicate(friend status,{name=People40, location={1886.8572309750796,670.0954240667074,0.0}, status=going to port},true),People18,1.0,-1),Belief(predicate(friend status,{name=People42, location={5022.88193075101,7010.4390575273665,0.0}, status=going to port},true),People18,1.0,-1)];false;nil;predicate(Boom,true);0.6566545626968141;#blue;predicate(communicate status,true);0.5907914692691865;0.5;Roads(484);nil;([Roads(484),Roads(1066),Roads(1117),Roads(1032),Roads(2697),Roads(1592),Roads(1507),Roads(1389),Roads(736),Roads(2501),Roads(2483),Roads(2016),Roads(1221),Roads(702),Roads(651),Roads(2292),Roads(1558),Roads(1609),Roads(2733),Roads(1930),Roads(2275),Roads(2308),Roads(2361),Roads(2414),Roads(2787),Roads(1423),Roads(1473),Roads(2188),Roads(914),Roads(834),Roads(981),Roads(998),Roads(2324),Roads(361),Roads(360),Roads(1575),Roads(169),Roads(164),Roads(165),Roads(1877),Roads(171),Roads(634),Roads(2553),Roads(473),Roads(946)]) as path;BDIPlan(go_to_nearest_port);false;[Desire(predicate(at target port,true),People18,1.0,-1),Desire(predicate(Eruption,false),People18,1.0,-1),Desire(predicate(preparing to evacuate,true),People18,1.0,-1)];{1807.729240025971,950.0202962872567,0.0};[];predicate(enjoying my time,true);predicate(evacuation order,true);0.6566545626968141;emotion(fear,predicate(Eruption,true),0.0,null,null);nil;nil;predicate(decided to go rescue someone,true);predicate(decided to go to port,true);192.28934506644114;[];predicate(in target port,true);18;[Intention(predicate(at target port,true),People18,1.0,-1)];0.7686296047311647;emotion(joy,predicate(in target port,true),0.0,null,null);[];predicate(left the island,true);{1815.8716164714178,951.7940353506696,0.0};18;['going to port'];[People(41),People(42),People(17),People(49),People(7),People(11),People(24),People(39),People(45),People(44),People(40),People(32)];'People18';predicate(need to take a decision on whether to board,true);predicate(need to take a decision on whether to evacuate,true);0.474560390351776;predicate(Eruption,false);predicate(no friend needs help,true);[];0.728532725323472;[];0.5982470462872049;nil;0.0;nil;[BDIPlan(lets_wander),BDIPlan(prepare),BDIPlan(go_rescue),BDIPlan(choose_whether_to_evacuate),BDIPlan(update_friends),BDIPlan(go_to_nearest_port),BDIPlan(wait_to_board)];0.7686296047311647;Port(1);predicate(prepared to evacuate,true);predicate(preparing to evacuate,true);false;8.333333333333334;0.525439609648224;predicate(rescue someone,true);[];[(People41,0.3,0.7,0.1,0.6,0.9),(People42,0.1,0.2,0.3,0.0,0.7),(People17,0.7,0.2,0.1,0.8,0.2),(People49,0.8,0.1,0.4,0.3,1.0),(People7,0.3,0.1,0.4,0.1,0.5),(People11,0.5,0.5,0.9,0.5,0.7),(People24,0.1,0.6,0.2,0.2,0.7),(People39,0.6,0.2,0.1,0.5,0.8),(People45,0.2,0.2,0.3,0.1,0.5),(People44,0.6,0.7,1.0,0.6,0.4),(People40,0.0,0.9,0.3,0.9,0.1),(People32,0.9,0.4,1.0,0.4,0.6)];8.333333333333334;['use plan : go_to_nearest_port','no more subintention forIntention(predicate(at target port,true),People18,1.0,-1)','use plan : go_to_nearest_port','no more subintention forIntention(predicate(at target port,true),People18,1.0,-1)','use plan : go_to_nearest_port'];3.0;predicate(took an evacuation decision,true);0.0;0.25;[];true;false;false;true;true;30.0;predicate(decided to wait for someone,true)
19;predicate(Eruption,true);0.3129962908900921;predicate(at target port,true);[Belief(predicate(evacuation order,true),People19,1.0,-1),Belief(predicate(decided to go to port,true),People19,1.0,-1),Belief(predicate(took an evacuation decision,true),People19,1.0,449),Belief(predicate(prepared to evacuate,true),People19,1.0,-1),Belief(predicate(friend status,{name=People25, location={1443.1445682165383,1947.9502827910806,0.0}, status=going to port},true),People19,1.0,-1),Belief(predicate(friend status,{name=People23, location={1939.3916269827494,1867.3093543056832,0.0}, status=going to port},true),People19,1.0,-1),Belief(predicate(friend status,{name=People46, location={1402.0534236082458,1455.8092861035839,0.0}, status=at port},true),People19,1.0,-1),Belief(predicate(friend status,{name=People33, location={1458.7483170491707,1712.5868932421317,0.0}, status=going to port},true),People19,1.0,-1),Belief(predicate(friend status,{name=People0, location={632.227332878873,2710.8003451704703,0.0}, status=going to port},true),People19,1.0,-1)];false;nil;predicate(Boom,true);0.5470916196386377;#blue;predicate(communicate status,true);0.3861814329517421;0.5;Roads(67);nil;([Roads(67),Roads(70),Roads(2803),Roads(2821),Roads(2695),Roads(2749),Roads(1929),Roads(3012),Roads(35),Roads(34),Roads(370),Roads(257),Roads(3027),Roads(133),Roads(3015),Roads(3010),Roads(3048),Roads(2377),Roads(2395),Roads(2341),Roads(2359),Roads(2446),Roads(3041),Roads(3042),Roads(3050),Roads(3052),Roads(163),Roads(162),Roads(470)]) as path;BDIPlan(go_to_nearest_port);false;[Desire(predicate(preparing to evacuate,true),People19,1.0,-1),Desire(predicate(at target port,true),People19,1.0,-1),Desire(predicate(Eruption,false),People19,1.0,-1)];{3815.8795799518825,4599.873649897584,0.0};[];predicate(enjoying my time,true);predicate(evacuation order,true);0.5470916196386377;emotion(fear,predicate(Eruption,true),0.0,null,null);nil;nil;predicate(decided to go rescue someone,true);predicate(decided to go to port,true);117.97198767661813;[];predicate(in target port,true);19;[Intention(predicate(at target port,true),People19,1.0,-1)];0.6214349788608154;emotion(joy,predicate(in target port,true),0.0,null,null);[];predicate(left the island,true);{3819.788245178493,4592.513841436033,0.0};18;['going to port'];[People(33),People(46),People(25),People(0),People(23)];'People19';predicate(need to take a decision on whether to board,true);predicate(need to take a decision on whether to evacuate,true);0.6141469556129615;predicate(Eruption,false);predicate(no friend needs help,true);[];0.5912604011101344;[];0.4496938777953582;nil;0.0;nil;[BDIPlan(lets_wander),BDIPlan(prepare),BDIPlan(go_rescue),BDIPlan(choose_whether_to_evacuate),BDIPlan(update_friends),BDIPlan(go_to_nearest_port),BDIPlan(wait_to_board)];0.6214349788608154;Port(2);predicate(prepared to evacuate,true);predicate(preparing to evacuate,true);false;8.333333333333334;0.3858530443870385;predicate(rescue someone,true);[];[(People33,0.5,0.0,0.6,0.2,0.5),(People46,0.6,0.7,1.0,0.2,0.1),(People25,0.5,0.8,0.4,0.7,0.5),(People0,0.9,0.2,0.1,0.8,0.4),(People23,0.7,0.6,0.9,1.0,0.5)];8.333333333333334;['use plan : go_to_nearest_port','no more subintention forIntention(predicate(at target port,true),People19,1.0,-1)','use plan : go_to_nearest_port','no more subintention forIntention(predicate(at target port,true),People19,1.0,-1)','use plan : go_to_nearest_port'];3.0;predicate(took an evacuation decision,true);0.0;0.25;[];true;false;false;true;true;30.0;predicate(decided to wait for someone,true)
20;predicate(Eruption,true);0.46706739520317186;predicate(at target port,true);[Belief(predicate(evacuation order,true),People20,1.0,-1),Belief(predicate(decided to go to port,true),People20,1.0,-1),Belief(predicate(took an evacuation decision,true),People20,1.0,522),Belief(predicate(prepared to evacuate,true),People20,1.0,-1),Belief(predicate(friend status,{name=People31, location={2650.3106666377585,858.590721078374,0.0}, status=going to port},true),People20,1.0,-1),Belief(predicate(friend status,{name=People34, location={1877.3807828637305,2299.606891882056,0.0}, status=going to port},true),People20,1.0,-1),Belief(predicate(friend status,{name=People10, location={2197.77511653515,832.382852059062,0.0}, status=going to port},true),People20,1.0,-1),Belief(predicate(friend status,{name=People16, location={3621.7068335360673,4998.357986046331,0.0}, status=going to port},true),People20,1.0,-1),Belief(predicate(friend status,{name=People47, location={1700.3662522968627,1055.8560720246276,0.0}, status=going to port},true),People20,1.0,-1),Belief(predicate(friend status,{name=People35, location={2068.5165894922698,1964.052766273473,0.0}, status=going to port},true),People20,1.0,-1),Belief(predicate(friend status,{name=People43, location={1645.5909675038724,2829.2167980546456,0.0}, status=going to port},true),People20,1.0,-1),Belief(predicate(Boom,{intensity=4},true),People20,1.0,2999)];false;nil;predicate(Boom,true);0.5074066762155625;#blue;predicate(communicate status,true);0.44716887814121176;0.5;Roads(171);nil;([Roads(1860),Roads(1877),Roads(171),Roads(634),Roads(2553),Roads(473),Roads(946)]) as path;BDIPlan(go_to_nearest_port);false;[Desire(predicate(preparing to evacuate,true),People20,1.0,-1),Desire(predicate(Eruption,false),People20,1.0,-1),Desire(predicate(at target port,true),People20,1.0,-1),Desire(predicate(need to take a decision on whether to evacuate,true),People20,1.0,-1)];{1372.4681486551208,1615.4911662548266,0.0};[emotion(fear,0.25084380731925454,predicate(Eruption,true),2.606637310750073E-5,null,People20)];predicate(enjoying my time,true);predicate(evacuation order,true);0.5074066762155625;emotion(fear,predicate(Eruption,true),0.0,null,null);nil;nil;predicate(decided to go rescue someone,true);predicate(decided to go to port,true);213.20895148602946;[];predicate(in target port,true);20;[Intention(predicate(at target port,true),People20,1.0,-1)];0.6687068701166542;emotion(joy,predicate(in target port,true),0.0,null,null);[];predicate(left the island,true);{1379.4404716205752,1620.0552824792278,0.0};18;['going to port'];[People(35),People(47),People(43),People(16),People(34),People(10),People(31)];'People20';predicate(need to take a decision on whether to board,true);predicate(need to take a decision on whether to evacuate,true);0.3710855683843708;predicate(Eruption,false);predicate(no friend needs help,true);[];0.6761051225010737;[];0.6876403403341692;nil;0.2222222222222222;nil;[BDIPlan(lets_wander),BDIPlan(prepare),BDIPlan(go_rescue),BDIPlan(choose_whether_to_evacuate),BDIPlan(update_friends),BDIPlan(go_to_nearest_port),BDIPlan(wait_to_board)];0.6687068701166542;Port(1);predicate(prepared to evacuate,true);predicate(preparing to evacuate,true);false;8.333333333333334;0.6289144316156292;predicate(rescue someone,true);[];[(People35,1.0,0.9,0.3,1.0,0.2),(People47,0.3,0.1,0.0,0.5,0.1),(People43,0.3,0.8,0.3,0.3,0.1),(People16,0.8,0.3,0.3,0.8,0.8),(People34,0.5,0.5,0.0,0.4,0.5),(People10,0.8,0.2,1.0,1.0,0.5),(People31,0.4,0.1,0.4,1.0,0.5)];8.333333333333334;['use plan : go_to_nearest_port','no more subintention forIntention(predicate(at target port,true),People20,1.0,-1)','use plan : go_to_nearest_port','no more subintention forIntention(predicate(at target port,true),People20,1.0,-1)','use plan : go_to_nearest_port'];6.0;predicate(took an evacuation decision,true);0.0;0.25;[Uncertainty(predicate(Eruption,true),People20,0.2222222222222222,-1)];true;false;false;true;true;30.0;predicate(decided to wait for someone,true)
21;predicate(Eruption,true);0.28275035639623597;predicate(at target port,true);[Belief(predicate(evacuation order,true),People21,1.0,-1),Belief(predicate(decided to go to port,true),People21,1.0,-1),Belief(predicate(took an evacuation decision,true),People21,1.0,467),Belief(predicate(prepared to evacuate,true),People21,1.0,-1),Belief(predicate(friend status,{name=People12, location={1820.5809019755538,1982.3155577358345,0.0}, status=going to port},true),People21,1.0,-1),Belief(predicate(friend status,{name=People14, location={1983.571451316273,2119.589627414368,0.0}, status=going to port},true),People21,1.0,-1),Belief(predicate(friend status,{name=People22, location={1783.5736632642063,1637.4310532483426,0.0}, status=going to port},true),People21,1.0,-1),Belief(predicate(friend status,{name=People28, location={2306.8094267822075,4464.5838701018365,0.0}, status=going to port},true),People21,1.0,-1),Belief(predicate(friend status,{name=People29, location={1169.3516056977653,2635.059378823149,0.0}, status=going to port},true),People21,1.0,-1)];false;nil;predicate(Boom,true);0.46166509967266767;#blue;predicate(communicate status,true);0.4016192524856157;0.5;Roads(3006);nil;([Roads(3006),Roads(3011),Roads(152),Roads(153),Roads(210),Roads(354),Roads(355),Roads(359),Roads(1221),Roads(702),Roads(651),Roads(2292),Roads(1558),Roads(1609),Roads(2733),Roads(1930),Roads(2275),Roads(2325),Roads(258),Roads(1489)]) as path;BDIPlan(go_to_nearest_port);false;[Desire(predicate(at target port,true),People21,1.0,-1),Desire(predicate(Eruption,false),People21,1.0,-1),Desire(predicate(preparing to evacuate,true),People21,1.0,-1)];{2651.354629629216,725.9802409148981,0.0};[];predicate(enjoying my time,true);predicate(evacuation order,true);0.46166509967266767;emotion(fear,predicate(Eruption,true),0.0,null,null);nil;nil;predicate(decided to go rescue someone,true);predicate(decided to go to port,true);306.0175237168097;[];predicate(in target port,true);21;[Intention(predicate(at target port,true),People21,1.0,-1)];0.6337343706046057;emotion(joy,predicate(in target port,true),0.0,null,null);[];predicate(left the island,true);{2646.4543574637296,732.7205507852678,0.0};18;['going to port'];[People(28),People(22),People(14),People(29),People(12)];'People21';predicate(need to take a decision on whether to board,true);predicate(need to take a decision on whether to evacuate,true);0.6327148738417352;predicate(Eruption,false);predicate(no friend needs help,true);[];0.58496564381246;[];0.5178457053296384;nil;0.0;nil;[BDIPlan(lets_wander),BDIPlan(prepare),BDIPlan(go_rescue),BDIPlan(choose_whether_to_evacuate),BDIPlan(update_friends),BDIPlan(go_to_nearest_port),BDIPlan(wait_to_board)];0.6337343706046057;Port(0);predicate(prepared to evacuate,true);predicate(preparing to evacuate,true);false;8.333333333333334;0.3672851261582648;predicate(rescue someone,true);[];[(People28,0.1,0.7,0.9,0.1,0.6),(People22,0.4,0.7,0.6,0.5,0.8),(People14,0.9,0.8,0.2,0.4,0.9),(People29,0.6,0.3,0.9,1.0,0.0),(People12,0.5,0.4,0.2,0.9,0.7)];8.333333333333334;['use plan : go_to_nearest_port','no more subintention forIntention(predicate(at target port,true),People21,1.0,-1)','use plan : go_to_nearest_port','no more subintention forIntention(predicate(at target port,true),People21,1.0,-1)','use plan : go_to_nearest_port'];1.0;predicate(took an evacuation decision,true);0.0;0.25;[];true;false;false;true;true;30.0;predicate(decided to wait for someone,true)
22;predicate(Eruption,true);0.5473387668456167;predicate(at target port,true);[Belief(predicate(evacuation order,true),People22,1.0,-1),Belief(predicate(decided to go to port,true),People22,1.0,-1),Belief(predicate(took an evacuation decision,true),People22,1.0,540),Belief(predicate(prepared to evacuate,true),People22,1.0,-1),Belief(predicate(friend status,{name=People12, location={1820.5809019755538,1982.3155577358345,0.0}, status=going to port},true),People22,1.0,-1),Belief(predicate(friend status,{name=People21, location={2592.5513636433793,806.8639593593358,0.0}, status=going to port},true),People22,1.0,-1),Belief(predicate(friend status,{name=People14, location={1983.571451316273,2119.589627414368,0.0}, status=going to port},true),People22,1.0,-1),Belief(predicate(friend status,{name=People28, location={2306.8094267822075,4464.5838701018365,0.0}, status=going to port},true),People22,1.0,-1),Belief(predicate(friend status,{name=People29, location={1169.3516056977653,2635.059378823149,0.0}, status=going to port},true),People22,1.0,-1)];false;nil;predicate(Boom,true);0.4845464996016257;#blue;predicate(communicate status,true);0.4618013798043018;0.5;Roads(2239);nil;([Roads(2239),Roads(2275),Roads(2308),Roads(2361),Roads(2414),Roads(2787),Roads(1423),Roads(1473),Roads(2188),Roads(914),Roads(834),Roads(981),Roads(998),Roads(2324),Roads(361),Roads(360),Roads(1575),Roads(169),Roads(164),Roads(165),Roads(1877),Roads(171),Roads(634),Roads(2553),Roads(473),Roads(946)]) as path;BDIPlan(go_to_nearest_port);false;[Desire(predicate(Eruption,false),People22,1.0,-1),Desire(predicate(preparing to evacuate,true),People22,1.0,-1),Desire(predicate(at target port,true),People22,1.0,-1)];{1738.2827857277402,1600.6681073686318,0.0};[];predicate(enjoying my time,true);predicate(evacuation order,true);0.4845464996016257;emotion(fear,predicate(Eruption,true),0.0,null,null);nil;nil;predicate(decided to go rescue someone,true);predicate(decided to go to port,true);219.06649798063967;[];predicate(in target port,true);22;[Intention(predicate(at target port,true),People22,1.0,-1)];0.6795596955413864;emotion(joy,predicate(in target port,true),0.0,null,null);[];predicate(left the island,true);{1744.7529110900925,1605.9199567800192,0.0};18;['going to port'];[People(28),People(21),People(14),People(29),People(12)];'People22';predicate(need to take a decision on whether to board,true);predicate(need to take a decision on whether to evacuate,true);0.5635687282931027;predicate(Eruption,false);predicate(no friend needs help,true);[];0.7103309604156074;[];0.5205996432120263;nil;0.0;nil;[BDIPlan(lets_wander),BDIPlan(prepare),BDIPlan(go_rescue),BDIPlan(choose_whether_to_evacuate),BDIPlan(update_friends),BDIPlan(go_to_nearest_port),BDIPlan(wait_to_board)];0.6795596955413864;Port(1);predicate(prepared to evacuate,true);predicate(preparing to evacuate,true);false;8.333333333333334;0.43643127170689733;predicate(rescue someone,true);[];[(People28,0.9,0.0,0.9,1.0,0.9),(People21,0.7,0.1,0.7,0.5,1.0),(People14,0.5,0.8,0.9,0.8,0.5),(People29,0.1,0.7,1.0,0.4,0.1),(People12,0.9,0.1,0.1,0.9,0.6)];8.333333333333334;['use plan : go_to_nearest_port','no more subintention forIntention(predicate(at target port,true),People22,1.0,-1)','use plan : go_to_nearest_port','no more subintention forIntention(predicate(at target port,true),People22,1.0,-1)','use plan : go_to_nearest_port'];6.0;predicate(took an evacuation decision,true);0.0;0.25;[];true;false;false;true;true;30.0;predicate(decided to wait for someone,true)
23;predicate(Eruption,true);0.43257474058770895;predicate(at target port,true);[Belief(predicate(evacuation order,true),People23,1.0,-1),Belief(predicate(decided to go to port,true),People23,1.0,-1),Belief(predicate(took an evacuation decision,true),People23,1.0,457),Belief(predicate(prepared to evacuate,true),People23,1.0,-1),Belief(predicate(friend status,{name=People25, location={1443.1445682165383,1947.9502827910806,0.0}, status=going to port},true),People23,1.0,-1),Belief(predicate(friend status,{name=People46, location={1402.0534236082458,1455.8092861035839,0.0}, status=at port},true),People23,1.0,-1),Belief(predicate(friend status,{name=People19, location={3863.679880060255,4533.397560617894,0.0}, status=going to port},true),People23,1.0,-1),Belief(predicate(friend status,{name=People33, location={1458.7483170491707,1712.5868932421317,0.0}, status=going to port},true),People23,1.0,-1),Belief(predicate(friend status,{name=People0, location={632.227332878873,2710.8003451704703,0.0}, status=going to port},true),People23,1.0,-1)];false;nil;predicate(Boom,true);0.5634716729753911;#blue;predicate(communicate status,true);0.3932081348686454;0.5;Roads(2308);nil;([Roads(2361),Roads(2308),Roads(2325),Roads(258),Roads(1489)]) as path;BDIPlan(go_to_nearest_port);false;[Desire(predicate(preparing to evacuate,true),People23,1.0,-1),Desire(predicate(Eruption,false),People23,1.0,-1),Desire(predicate(at target port,true),People23,1.0,-1)];{1995.451324653411,1835.0116897643857,0.0};[];predicate(enjoying my time,true);predicate(evacuation order,true);0.5634716729753911;emotion(fear,predicate(Eruption,true),0.0,null,null);nil;nil;predicate(decided to go rescue someone,true);predicate(decided to go to port,true);284.77616448252707;[];predicate(in target port,true);23;[Intention(predicate(at target port,true),People23,1.0,-1)];0.6270631027804502;emotion(joy,predicate(in target port,true),0.0,null,null);[];predicate(left the island,true);{1993.325961909004,1843.069436201767,0.0};18;['going to port'];[People(19),People(33),People(46),People(25),People(0)];'People23';predicate(need to take a decision on whether to board,true);predicate(need to take a decision on whether to evacuate,true);0.5366399302675614;predicate(Eruption,false);predicate(no friend needs help,true);[];0.6425662905320954;[];0.6390863030199462;nil;0.0;nil;[BDIPlan(lets_wander),BDIPlan(prepare),BDIPlan(go_rescue),BDIPlan(choose_whether_to_evacuate),BDIPlan(update_friends),BDIPlan(go_to_nearest_port),BDIPlan(wait_to_board)];0.6270631027804502;Port(0);predicate(prepared to evacuate,true);predicate(preparing to evacuate,true);false;8.333333333333334;0.4633600697324386;predicate(rescue someone,true);[];[(People19,0.0,0.3,0.3,0.7,0.4),(People33,1.0,0.6,1.0,1.0,0.3),(People46,0.1,0.8,0.6,0.2,0.4),(People25,1.0,0.8,0.1,0.1,0.2),(People0,0.9,0.1,0.5,0.7,1.0)];8.333333333333334;['use plan : go_to_nearest_port','no more subintention forIntention(predicate(at target port,true),People23,1.0,-1)','use plan : go_to_nearest_port','no more subintention forIntention(predicate(at target port,true),People23,1.0,-1)','use plan : go_to_nearest_port'];2.0;predicate(took an evacuation decision,true);0.0;0.25;[];true;false;false;true;true;30.0;predicate(decided to wait for someone,true)
24;predicate(Eruption,true);0.4269472245277156;predicate(at target port,true);[Belief(predicate(evacuation order,true),People24,1.0,-1),Belief(predicate(decided to go to port,true),People24,1.0,-1),Belief(predicate(took an evacuation decision,true),People24,1.0,587),Belief(predicate(prepared to evacuate,true),People24,1.0,-1),Belief(predicate(friend status,{name=People7, location={1142.8080939013107,1942.8199075129835,0.0}, status=going to port},true),People24,1.0,-1),Belief(predicate(friend status,{name=People11, location={1933.3794682227467,643.3285457547446,0.0}, status=going to port},true),People24,1.0,-1),Belief(predicate(friend status,{name=People17, location={1918.9398665853957,725.3937767828518,0.0}, status=going to port},true),People24,1.0,-1),Belief(predicate(friend status,{name=People32, location={1778.5132699741412,1488.1503078320657,0.0}, status=going to port},true),People24,1.0,-1),Belief(predicate(friend status,{name=People41, location={608.0012476621698,2703.489684504825,0.0}, status=going to port},true),People24,1.0,-1),Belief(predicate(friend status,{name=People49, location={1273.190602251936,2267.823574211147,0.0}, status=going to port},true),People24,1.0,-1),Belief(predicate(friend status,{name=People39, location={1872.767763333629,744.9327456690246,0.0}, status=going to port},true),People24,1.0,-1),Belief(predicate(friend status,{name=People44, location={1336.608539546309,1586.547575996203,0.0}, status=going to port},true),People24,1.0,-1),Belief(predicate(friend status,{name=People45, location={1886.4330275334457,2203.376529178693,0.0}, status=going to port},true),People24,1.0,-1),Belief(predicate(friend status,{name=People18, location={1774.6628832061017,942.8267887142913,0.0}, status=going to port},true),People24,1.0,-1),Belief(predicate(friend status,{name=People40, location={1886.8572309750796,670.0954240667074,0.0}, status=going to port},true),People24,1.0,-1),Belief(predicate(friend status,{name=People42, location={5022.88193075101,7010.4390575273665,0.0}, status=going to port},true),People24,1.0,-1)];false;nil;predicate(Boom,true);0.5124275415150719;#blue;predicate(communicate status,true);0.501377838575883;0.5;Roads(2308);nil;([Roads(2373),Roads(2308),Roads(2325),Roads(258),Roads(1489)]) as path;BDIPlan(go_to_nearest_port);false;[Desire(predicate(at target port,true),People24,1.0,-1),Desire(predicate(Eruption,false),People24,1.0,-1),Desire(predicate(preparing to evacuate,true),People24,1.0,-1)];{1983.2744430596845,1855.6691179918028,0.0};[];predicate(enjoying my time,true);predicate(evacuation order,true);0.5124275415150719;emotion(fear,predicate(Eruption,true),0.0,null,null);nil;nil;predicate(decided to go rescue someone,true);predicate(decided to go to port,true);344.11083294349874;[];predicate(in target port,true);24;[Intention(predicate(at target port,true),People24,1.0,-1)];0.7080803899105546;emotion(joy,predicate(in target port,true),0.0,null,null);[];predicate(left the island,true);{1975.259500643234,1857.9505961322695,0.0};18;['going to port'];[People(41),People(42),People(17),People(49),People(7),People(11),People(39),People(18),People(45),People(44),People(40),People(32)];'People24';predicate(need to take a decision on whether to board,true);predicate(need to take a decision on whether to evacuate,true);0.09259633012034829;predicate(Eruption,false);predicate(no friend needs help,true);[];0.6812947464583881;[];0.3146504066585629;nil;0.0;nil;[BDIPlan(lets_wander),BDIPlan(prepare),BDIPlan(go_rescue),BDIPlan(choose_whether_to_evacuate),BDIPlan(update_friends),BDIPlan(go_to_nearest_port),BDIPlan(wait_to_board)];0.7080803899105546;Port(0);predicate(prepared to evacuate,true);predicate(preparing to evacuate,true);false;8.333333333333334;0.9074036698796517;predicate(rescue someone,true);[];[(People41,0.9,0.8,0.4,0.2,0.7),(People42,0.1,0.1,0.6,0.0,0.5),(People17,0.0,0.7,0.9,0.1,0.1),(People49,0.5,0.6,0.5,0.8,0.4),(People7,0.0,0.4,0.5,0.7,0.6),(People11,0.4,0.1,0.3,1.0,0.1),(People39,0.9,0.2,0.8,0.5,0.6),(People18,1.0,0.6,0.8,0.8,0.9),(People45,0.3,0.5,0.4,0.5,0.9),(People44,0.5,0.3,0.5,0.8,0.4),(People40,0.4,0.8,0.2,0.3,0.8),(People32,0.4,0.3,0.1,0.6,0.7)];8.333333333333334;['use plan : go_to_nearest_port','no more subintention forIntention(predicate(at target port,true),People24,1.0,-1)','use plan : go_to_nearest_port','no more subintention forIntention(predicate(at target port,true),People24,1.0,-1)','use plan : go_to_nearest_port'];4.0;predicate(took an evacuation decision,true);0.0;0.25;[];true;false;false;true;true;30.0;predicate(decided to wait for someone,true)
25;predicate(Eruption,true);0.48512660164875915;predicate(at target port,true);[Belief(predicate(evacuation order,true),People25,1.0,-1),Belief(predicate(decided to go to port,true),People25,1.0,-1),Belief(predicate(took an evacuation decision,true),People25,1.0,467),Belief(predicate(prepared to evacuate,true),People25,1.0,-1),Belief(predicate(friend status,{name=People23, location={1939.3916269827494,1867.3093543056832,0.0}, status=going to port},true),People25,1.0,-1),Belief(predicate(friend status,{name=People46, location={1402.0534236082458,1455.8092861035839,0.0}, status=at port},true),People25,1.0,-1),Belief(predicate(friend status,{name=People19, location={3863.679880060255,4533.397560617894,0.0}, status=going to port},true),People25,1.0,-1),Belief(predicate(friend status,{name=People33, location={1458.7483170491707,1712.5868932421317,0.0}, status=going to port},true),People25,1.0,-1),Belief(predicate(friend status,{name=People0, location={632.227332878873,2710.8003451704703,0.0}, status=going to port},true),People25,1.0,-1)];false;nil;predicate(Boom,true);0.5850985852637913;#blue;predicate(communicate status,true);0.40134554469553496;0.5;Roads(2696);nil;([Roads(2696),Roads(1964),Roads(1659),Roads(1575),Roads(169),Roads(164),Roads(165),Roads(1877),Roads(171),Roads(634),Roads(2553),Roads(473),Roads(946)]) as path;BDIPlan(go_to_nearest_port);false;[Desire(predicate(preparing to evacuate,true),People25,1.0,-1),Desire(predicate(at target port,true),People25,1.0,-1),Desire(predicate(Eruption,false),People25,1.0,-1)];{1361.6017390788472,2005.8360929367586,0.0};[];predicate(enjoying my time,true);predicate(evacuation order,true);0.5850985852637913;emotion(fear,predicate(Eruption,true),0.0,null,null);nil;nil;predicate(decided to go rescue someone,true);predicate(decided to go to port,true);144.62973240337462;[];predicate(in target port,true);25;[Intention(predicate(at target port,true),People25,1.0,-1)];0.6335183854439703;emotion(joy,predicate(in target port,true),0.0,null,null);[];predicate(left the island,true);{1368.3969748403215,2001.0122754246188,0.0};18;['going to port'];[People(19),People(33),People(46),People(0),People(23)];'People25';predicate(need to take a decision on whether to board,true);predicate(need to take a decision on whether to evacuate,true);0.5015945101346363;predicate(Eruption,false);predicate(no friend needs help,true);[];0.6657597713681318;[];0.4413530710682164;nil;0.0;nil;[BDIPlan(lets_wander),BDIPlan(prepare),BDIPlan(go_rescue),BDIPlan(choose_whether_to_evacuate),BDIPlan(update_friends),BDIPlan(go_to_nearest_port),BDIPlan(wait_to_board)];0.6335183854439703;Port(1);predicate(prepared to evacuate,true);predicate(preparing to evacuate,true);false;8.333333333333334;0.4984054898653637;predicate(rescue someone,true);[];[(People19,0.7,0.2,0.4,0.0,0.6),(People33,0.0,0.9,0.9,0.7,0.9),(People46,0.6,0.5,0.3,0.6,0.7),(People0,0.9,0.0,0.7,0.7,0.1),(People23,0.7,0.4,0.5,0.0,0.8)];8.333333333333334;['use plan : go_to_nearest_port','no more subintention forIntention(predicate(at target port,true),People25,1.0,-1)','use plan : go_to_nearest_port','no more subintention forIntention(predicate(at target port,true),People25,1.0,-1)','use plan : go_to_nearest_port'];1.0;predicate(took an evacuation decision,true);0.0;0.25;[];true;false;false;true;true;30.0;predicate(decided to wait for someone,true)
26;predicate(Eruption,true);0.630702432913156;predicate(at target port,true);[Belief(predicate(evacuation order,true),People26,1.0,-1),Belief(predicate(decided to go to port,true),People26,1.0,-1),Belief(predicate(took an evacuation decision,true),People26,1.0,663),Belief(predicate(prepared to evacuate,true),People26,1.0,-1),Belief(predicate(friend status,{name=People1, location={1836.5764447991878,934.0853978409024,0.0}, status=going to port},true),People26,1.0,-1),Belief(predicate(friend status,{name=People5, location={2167.973465660715,238.07863091713517,0.0}, status=going to port},true),People26,1.0,-1),Belief(predicate(friend status,{name=People6, location={2024.1668091934098,194.2730616459417,0.0}, status=going to port},true),People26,1.0,-1),Belief(predicate(friend status,{name=People8, location={2270.231340491408,1397.8674045672956,0.0}, status=going to port},true),People26,1.0,-1),Belief(predicate(friend status,{name=People38, location={576.583115110955,2694.008693095126,0.0}, status=going to port},true),People26,1.0,-1),Belief(predicate(friend status,{name=People36, location={3921.408352826312,3605.637264094785,0.0}, status=going to port},true),People26,1.0,-1),Belief(predicate(friend status,{name=People30, location={1919.0052699973673,3196.0577811861585,0.0}, status=going to port},true),People26,1.0,-1),Belief(predicate(friend status,{name=People48, location={1027.1107910279989,2366.1943147732154,0.0}, status=going to port},true),People26,1.0,-1)];false;nil;predicate(Boom,true);0.5369015514744053;#blue;predicate(communicate status,true);0.5641778927076517;0.5;Roads(1558);nil;([Roads(2257),Roads(1558),Roads(1609),Roads(2733),Roads(1930),Roads(2275),Roads(2325),Roads(258),Roads(1489)]) as path;BDIPlan(go_to_nearest_port);false;[Desire(predicate(Eruption,false),People26,1.0,-1),Desire(predicate(preparing to evacuate,true),People26,1.0,-1),Desire(predicate(at target port,true),People26,1.0,-1)];{1891.8402097251274,1554.0998329231315,0.0};[];predicate(enjoying my time,true);predicate(evacuation order,true);0.5369015514744053;emotion(fear,predicate(Eruption,true),0.0,null,null);nil;nil;predicate(decided to go rescue someone,true);predicate(decided to go to port,true);120.10498777235308;[];predicate(in target port,true);26;[Intention(predicate(at target port,true),People26,1.0,-1)];0.7511177622101954;emotion(joy,predicate(in target port,true),0.0,null,null);[];predicate(left the island,true);{1896.0200934695345,1546.8906015960285,0.0};18;['going to port'];[People(1),People(8),People(30),People(48),People(38),People(6),People(5),People(36)];'People26';predicate(need to take a decision on whether to board,true);predicate(need to take a decision on whether to evacuate,true);0.48508046424986656;predicate(Eruption,false);predicate(no friend needs help,true);[];0.7729425352575725;[];0.4467588966032416;nil;0.0;nil;[BDIPlan(lets_wander),BDIPlan(prepare),BDIPlan(go_rescue),BDIPlan(choose_whether_to_evacuate),BDIPlan(update_friends),BDIPlan(go_to_nearest_port),BDIPlan(wait_to_board)];0.7511177622101954;Port(0);predicate(prepared to evacuate,true);predicate(preparing to evacuate,true);false;8.333333333333334;0.5149195357501335;predicate(rescue someone,true);[];[(People1,0.1,0.0,0.7,0.1,0.7),(People8,0.1,0.1,0.0,0.4,0.1),(People30,0.3,0.9,0.9,0.6,0.1),(People48,0.5,0.7,0.5,0.8,0.5),(People38,1.0,0.9,1.0,0.0,0.9),(People6,0.7,0.0,0.6,0.4,0.2),(People5,0.4,0.2,0.4,0.1,0.8),(People36,0.6,0.4,0.1,0.1,0.5)];8.333333333333334;['use plan : go_to_nearest_port','no more subintention forIntention(predicate(at target port,true),People26,1.0,-1)','use plan : go_to_nearest_port','no more subintention forIntention(predicate(at target port,true),People26,1.0,-1)','use plan : go_to_nearest_port'];3.0;predicate(took an evacuation decision,true);0.0;0.25;[];true;false;false;true;true;30.0;predicate(decided to wait for someone,true)
27;predicate(Eruption,true);0.4767481491786608;predicate(at target port,true);[Belief(predicate(evacuation order,true),People27,1.0,-1),Belief(predicate(decided to go to port,true),People27,1.0,-1),Belief(predicate(took an evacuation decision,true),People27,1.0,608),Belief(predicate(prepared to evacuate,true),People27,1.0,-1),Belief(predicate(friend status,{name=People4, location={2010.8000557463545,1838.1191149721924,0.0}, status=going to port},true),People27,1.0,-1),Belief(predicate(friend status,{name=People9, location={1943.0405286208425,516.826222732286,0.0}, status=going to port},true),People27,1.0,-1),Belief(predicate(friend status,{name=People15, location={1556.4104154645065,2076.906165804759,0.0}, status=going to port},true),People27,1.0,-1),Belief(predicate(friend status,{name=People2, location={3670.8153330897912,3283.0758224661117,0.0}, status=going to port},true),People27,1.0,-1),Belief(predicate(friend status,{name=People37, location={4156.653186308459,5855.8374393850645,0.0}, status=going to port},true),People27,1.0,-1),Belief(predicate(friend status,{name=People13, location={1112.690313228814,2078.526009020821,0.0}, status=going to port},true),People27,1.0,-1),Belief(predicate(friend status,{name=People3, location={1826.4036451443699,1672.1964716181162,0.0}, status=going to port},true),People27,1.0,-1)];false;nil;predicate(Boom,true);0.4991902928819384;#blue;predicate(communicate status,true);0.5191530517765088;0.5;Roads(383);nil;([Roads(383),Roads(384),Roads(1895),Roads(2430),Roads(256),Roads(1489)]) as path;BDIPlan(go_to_nearest_port);false;[Desire(predicate(Eruption,false),People27,1.0,-1),Desire(predicate(preparing to evacuate,true),People27,1.0,-1),Desire(predicate(at target port,true),People27,1.0,-1)];{1856.183264381565,2102.6905576879763,0.0};[];predicate(enjoying my time,true);predicate(evacuation order,true);0.4991902928819384;emotion(fear,predicate(Eruption,true),0.0,null,null);nil;nil;predicate(decided to go rescue someone,true);predicate(decided to go to port,true);313.3302716724943;[];predicate(in target port,true);27;[Intention(predicate(at target port,true),People27,1.0,-1)];0.7205227628441094;emotion(joy,predicate(in target port,true),0.0,null,null);[];predicate(left the island,true);{1850.4649079740166,2108.752310276188,0.0};18;['going to port'];[People(3),People(9),People(37),People(15),People(13),People(4),People(2)];'People27';predicate(need to take a decision on whether to board,true);predicate(need to take a decision on whether to evacuate,true);0.6394854594983307;predicate(Eruption,false);predicate(no friend needs help,true);[];0.7056561488980202;[];0.7140036175251918;nil;0.0;nil;[BDIPlan(lets_wander),BDIPlan(prepare),BDIPlan(go_rescue),BDIPlan(choose_whether_to_evacuate),BDIPlan(update_friends),BDIPlan(go_to_nearest_port),BDIPlan(wait_to_board)];0.7205227628441094;Port(0);predicate(prepared to evacuate,true);predicate(preparing to evacuate,true);false;8.333333333333334;0.3605145405016693;predicate(rescue someone,true);[];[(People3,0.5,0.9,0.2,0.5,0.1),(People9,0.8,0.2,0.0,0.5,0.5),(People37,1.0,0.1,0.1,0.9,0.4),(People15,0.4,0.3,0.8,0.0,0.8),(People13,0.3,0.2,0.5,0.7,0.3),(People4,1.0,0.9,0.7,0.7,0.7),(People2,0.7,0.1,0.5,0.9,0.5)];8.333333333333334;['use plan : go_to_nearest_port','no more subintention forIntention(predicate(at target port,true),People27,1.0,-1)','use plan : go_to_nearest_port','no more subintention forIntention(predicate(at target port,true),People27,1.0,-1)','use plan : go_to_nearest_port'];5.0;predicate(took an evacuation decision,true);0.0;0.25;[];true;false;false;true;true;30.0;predicate(decided to wait for someone,true)
28;predicate(Eruption,true);0.7443311805554722;predicate(at target port,true);[Belief(predicate(evacuation order,true),People28,1.0,-1),Belief(predicate(decided to go to port,true),People28,1.0,-1),Belief(predicate(took an evacuation decision,true),People28,1.0,569),Belief(predicate(prepared to evacuate,true),People28,1.0,-1),Belief(predicate(friend status,{name=People12, location={1820.5809019755538,1982.3155577358345,0.0}, status=going to port},true),People28,1.0,-1),Belief(predicate(friend status,{name=People21, location={2592.5513636433793,806.8639593593358,0.0}, status=going to port},true),People28,1.0,-1),Belief(predicate(friend status,{name=People14, location={1983.571451316273,2119.589627414368,0.0}, status=going to port},true),People28,1.0,-1),Belief(predicate(friend status,{name=People22, location={1783.5736632642063,1637.4310532483426,0.0}, status=going to port},true),People28,1.0,-1),Belief(predicate(friend status,{name=People29, location={1169.3516056977653,2635.059378823149,0.0}, status=going to port},true),People28,1.0,-1),Belief(predicate(Boom,{intensity=4},true),People28,1.0,2999)];false;nil;predicate(Boom,true);0.42116867163249805;#blue;predicate(communicate status,true);0.4862692239090399;0.5;Roads(1758);nil;([Roads(1758),Roads(1693),Roads(302),Roads(1354),Roads(193),Roads(21),Roads(19),Roads(184),Roads(183),Roads(305),Roads(24),Roads(1388),Roads(2840),Roads(1625),Roads(770),Roads(719),Roads(1490),Roads(1541),Roads(1524),Roads(2205),Roads(1727),Roads(1642),Roads(2957),Roads(2941),Roads(2396),Roads(256),Roads(1489)]) as path;BDIPlan(go_to_nearest_port);false;[Desire(predicate(at target port,true),People28,1.0,-1),Desire(predicate(Eruption,false),People28,1.0,-1),Desire(predicate(preparing to evacuate,true),People28,1.0,-1),Desire(predicate(need to take a decision on whether to evacuate,true),People28,1.0,-1)];{2338.2826606707945,4491.888570424407,0.0};[emotion(fear,0.2002692603619207,predicate(Eruption,true),3.357444632286697E-5,null,People28)];predicate(enjoying my time,true);predicate(evacuation order,true);0.42116867163249805;emotion(fear,predicate(Eruption,true),0.0,null,null);nil;nil;predicate(decided to go rescue someone,true);predicate(decided to go to port,true);40.9433729507621;[];predicate(in target port,true);28;[Intention(predicate(at target port,true),People28,1.0,-1)];0.6973300681234389;emotion(joy,predicate(in target port,true),0.0,null,null);[];predicate(left the island,true);{2331.988013893077,4486.427630359893,0.0};18;['going to port'];[People(22),People(21),People(14),People(29),People(12)];'People28';predicate(need to take a decision on whether to board,true);predicate(need to take a decision on whether to evacuate,true);0.5986372433629039;predicate(Eruption,false);predicate(no friend needs help,true);[];0.7844107356686648;[];0.7674537860177364;nil;0.2222222222222222;nil;[BDIPlan(lets_wander),BDIPlan(prepare),BDIPlan(go_rescue),BDIPlan(choose_whether_to_evacuate),BDIPlan(update_friends),BDIPlan(go_to_nearest_port),BDIPlan(wait_to_board)];0.6973300681234389;Port(0);predicate(prepared to evacuate,true);predicate(preparing to evacuate,true);false;8.333333333333334;0.4013627566370961;predicate(rescue someone,true);[];[(People22,0.4,0.7,0.9,0.7,0.6),(People21,0.4,0.0,0.8,1.0,1.0),(People14,0.6,0.4,0.1,0.3,0.1),(People29,0.8,0.0,0.6,0.9,0.8),(People12,0.2,0.1,0.2,0.3,0.3)];8.333333333333334;['use plan : go_to_nearest_port','no more subintention forIntention(predicate(at target port,true),People28,1.0,-1)','use plan : go_to_nearest_port','no more subintention forIntention(predicate(at target port,true),People28,1.0,-1)','use plan : go_to_nearest_port'];8.0;predicate(took an evacuation decision,true);0.0;0.25;[Uncertainty(predicate(Eruption,true),People28,0.2222222222222222,-1)];true;false;false;true;true;30.0;predicate(decided to wait for someone,true)
29;predicate(Eruption,true);0.33159265067575483;predicate(at target port,true);[Belief(predicate(evacuation order,true),People29,1.0,-1),Belief(predicate(decided to go to port,true),People29,1.0,-1),Belief(predicate(took an evacuation decision,true),People29,1.0,725),Belief(predicate(prepared to evacuate,true),People29,1.0,-1),Belief(predicate(friend status,{name=People12, location={1820.5809019755538,1982.3155577358345,0.0}, status=going to port},true),People29,1.0,-1),Belief(predicate(friend status,{name=People21, location={2592.5513636433793,806.8639593593358,0.0}, status=going to port},true),People29,1.0,-1),Belief(predicate(friend status,{name=People14, location={1983.571451316273,2119.589627414368,0.0}, status=going to port},true),People29,1.0,-1),Belief(predicate(friend status,{name=People22, location={1783.5736632642063,1637.4310532483426,0.0}, status=going to port},true),People29,1.0,-1),Belief(predicate(friend status,{name=People28, location={2306.8094267822075,4464.5838701018365,0.0}, status=going to port},true),People29,1.0,-1)];false;nil;predicate(Boom,true);0.4390645305168207;#blue;predicate(communicate status,true);0.6161960151316646;0.5;Roads(2537);nil;([Roads(2537),Roads(2535),Roads(2571),Roads(2518),Roads(1338),Roads(1288),Roads(2625),Roads(2643),Roads(2589),Roads(2607),Roads(2892),Roads(2973),Roads(2989),Roads(2466),Roads(2448),Roads(2679),Roads(1321),Roads(1238),Roads(2874),Roads(2925),Roads(583),Roads(634),Roads(2553),Roads(473),Roads(946)]) as path;BDIPlan(go_to_nearest_port);false;[Desire(predicate(Eruption,false),People29,1.0,-1),Desire(predicate(preparing to evacuate,true),People29,1.0,-1),Desire(predicate(at target port,true),People29,1.0,-1)];{1169.651933030882,2625.5737425310317,0.0};[];predicate(enjoying my time,true);predicate(evacuation order,true);0.4390645305168207;emotion(fear,predicate(Eruption,true),0.0,null,null);nil;nil;predicate(decided to go rescue someone,true);predicate(decided to go to port,true);269.03481795179306;[];predicate(in target port,true);29;[Intention(predicate(at target port,true),People29,1.0,-1)];0.7849815380833263;emotion(joy,predicate(in target port,true),0.0,null,null);[];predicate(left the island,true);{1169.792306430119,2633.905893499013,0.0};18;['going to port'];[People(28),People(22),People(21),People(14),People(12)];'People29';predicate(need to take a decision on whether to board,true);predicate(need to take a decision on whether to evacuate,true);0.6995917261051345;predicate(Eruption,false);predicate(no friend needs help,true);[];0.6883998350549698;[];0.4361835695944871;nil;0.0;nil;[BDIPlan(lets_wander),BDIPlan(prepare),BDIPlan(go_rescue),BDIPlan(choose_whether_to_evacuate),BDIPlan(update_friends),BDIPlan(go_to_nearest_port),BDIPlan(wait_to_board)];0.7849815380833263;Port(1);predicate(prepared to evacuate,true);predicate(preparing to evacuate,true);false;8.333333333333334;0.30040827389486546;predicate(rescue someone,true);[];[(People28,0.9,0.2,0.8,0.3,0.9),(People22,0.5,0.6,0.0,0.5,0.3),(People21,0.1,0.9,0.6,0.1,0.7),(People14,0.2,0.6,0.4,0.3,0.1),(People12,0.9,0.8,0.8,0.6,0.1)];8.333333333333334;['use plan : go_to_nearest_port','no more subintention forIntention(predicate(at target port,true),People29,1.0,-1)','use plan : go_to_nearest_port','no more subintention forIntention(predicate(at target port,true),People29,1.0,-1)','use plan : go_to_nearest_port'];9.0;predicate(took an evacuation decision,true);0.0;0.25;[];true;false;false;true;true;30.0;predicate(decided to wait for someone,true)
30;predicate(Eruption,true);0.3600836838734316;predicate(at target port,true);[Belief(predicate(evacuation order,true),People30,1.0,-1),Belief(predicate(decided to go to port,true),People30,1.0,-1),Belief(predicate(took an evacuation decision,true),People30,1.0,897),Belief(predicate(prepared to evacuate,true),People30,1.0,-1),Belief(predicate(friend status,{name=People1, location={1836.5764447991878,934.0853978409024,0.0}, status=going to port},true),People30,1.0,-1),Belief(predicate(friend status,{name=People5, location={2167.973465660715,238.07863091713517,0.0}, status=going to port},true),People30,1.0,-1),Belief(predicate(friend status,{name=People6, location={2024.1668091934098,194.2730616459417,0.0}, status=going to port},true),People30,1.0,-1),Belief(predicate(friend status,{name=People8, location={2270.231340491408,1397.8674045672956,0.0}, status=going to port},true),People30,1.0,-1),Belief(predicate(friend status,{name=People38, location={576.583115110955,2694.008693095126,0.0}, status=going to port},true),People30,1.0,-1),Belief(predicate(friend status,{name=People26, location={1926.8350882065436,1519.5053493058415,0.0}, status=going to port},true),People30,1.0,-1),Belief(predicate(friend status,{name=People36, location={3921.408352826312,3605.637264094785,0.0}, status=going to port},true),People30,1.0,-1),Belief(predicate(friend status,{name=People48, location={1027.1107910279989,2366.1943147732154,0.0}, status=going to port},true),People30,1.0,-1)];false;nil;predicate(Boom,true);0.5370823058782418;#blue;predicate(communicate status,true);0.7595760502461992;0.5;Roads(870);nil;([Roads(870),Roads(866),Roads(2732),Roads(2100),Roads(2343),Roads(2751),Roads(2840),Roads(1625),Roads(770),Roads(719),Roads(1490),Roads(1541),Roads(1524),Roads(2205),Roads(1727),Roads(1642),Roads(2957),Roads(2941),Roads(2396),Roads(256),Roads(1489)]) as path;BDIPlan(go_to_nearest_port);false;[Desire(predicate(Eruption,false),People30,1.0,-1),Desire(predicate(at target port,true),People30,1.0,-1),Desire(predicate(preparing to evacuate,true),People30,1.0,-1)];{1881.933326655909,3152.1574345499885,0.0};[];predicate(enjoying my time,true);predicate(evacuation order,true);0.5370823058782418;emotion(fear,predicate(Eruption,true),0.0,null,null);nil;nil;predicate(decided to go rescue someone,true);predicate(decided to go to port,true);229.1537441153912;[];predicate(in target port,true);30;[Intention(predicate(at target port,true),People30,1.0,-1)];0.8715366029296757;emotion(joy,predicate(in target port,true),0.0,null,null);[];predicate(left the island,true);{1887.3835893753333,3158.461328642825,0.0};18;['going to port'];[People(26),People(1),People(8),People(48),People(38),People(6),People(5),People(36)];'People30';predicate(need to take a decision on whether to board,true);predicate(need to take a decision on whether to evacuate,true);0.42476022370977706;predicate(Eruption,false);predicate(no friend needs help,true);[];0.7482177938674109;[];0.4507030832534212;nil;0.0;nil;[BDIPlan(lets_wander),BDIPlan(prepare),BDIPlan(go_rescue),BDIPlan(choose_whether_to_evacuate),BDIPlan(update_friends),BDIPlan(go_to_nearest_port),BDIPlan(wait_to_board)];0.8715366029296757;Port(0);predicate(prepared to evacuate,true);predicate(preparing to evacuate,true);false;8.333333333333334;0.5752397762902229;predicate(rescue someone,true);[];[(People26,1.0,0.5,0.9,0.6,0.5),(People1,0.8,0.8,0.5,0.5,0.2),(People8,0.8,0.7,0.3,0.4,0.1),(People48,0.3,0.7,0.2,0.8,0.6),(People38,0.7,0.6,0.8,0.3,0.9),(People6,0.3,0.1,0.9,0.8,0.2),(People5,0.6,0.5,0.8,0.6,0.6),(People36,1.0,0.1,0.8,0.9,0.8)];8.333333333333334;['use plan : go_to_nearest_port','no more subintention forIntention(predicate(at target port,true),People30,1.0,-1)','use plan : go_to_nearest_port','no more subintention forIntention(predicate(at target port,true),People30,1.0,-1)','use plan : go_to_nearest_port'];4.0;predicate(took an evacuation decision,true);0.0;0.25;[];true;false;false;true;true;30.0;predicate(decided to wait for someone,true)
31;predicate(Eruption,true);0.35354557159259814;predicate(at target port,true);[Belief(predicate(evacuation order,true),People31,1.0,-1),Belief(predicate(decided to go to port,true),People31,1.0,-1),Belief(predicate(took an evacuation decision,true),People31,1.0,870),Belief(predicate(prepared to evacuate,true),People31,1.0,-1),Belief(predicate(friend status,{name=People34, location={1877.3807828637305,2299.606891882056,0.0}, status=going to port},true),People31,1.0,-1),Belief(predicate(friend status,{name=People10, location={2197.77511653515,832.382852059062,0.0}, status=going to port},true),People31,1.0,-1),Belief(predicate(friend status,{name=People16, location={3621.7068335360673,4998.357986046331,0.0}, status=going to port},true),People31,1.0,-1),Belief(predicate(friend status,{name=People47, location={1700.3662522968627,1055.8560720246276,0.0}, status=going to port},true),People31,1.0,-1),Belief(predicate(friend status,{name=People35, location={2068.5165894922698,1964.052766273473,0.0}, status=going to port},true),People31,1.0,-1),Belief(predicate(friend status,{name=People43, location={1645.5909675038724,2829.2167980546456,0.0}, status=going to port},true),People31,1.0,-1),Belief(predicate(friend status,{name=People20, location={1392.3032347208782,1625.7642059152333,0.0}, status=going to port},true),People31,1.0,-1)];false;nil;predicate(Boom,true);0.5824162485588301;#blue;predicate(communicate status,true);0.7373136913758938;0.5;Roads(3032);nil;([Roads(3032),Roads(260),Roads(3011),Roads(152),Roads(153),Roads(210),Roads(354),Roads(355),Roads(359),Roads(1221),Roads(702),Roads(651),Roads(2292),Roads(1558),Roads(1609),Roads(2733),Roads(1930),Roads(2275),Roads(2325),Roads(258),Roads(1489)]) as path;BDIPlan(go_to_nearest_port);false;[Desire(predicate(preparing to evacuate,true),People31,1.0,-1),Desire(predicate(Eruption,false),People31,1.0,-1),Desire(predicate(at target port,true),People31,1.0,-1)];{2670.428833926554,772.7737182709841,0.0};[];predicate(enjoying my time,true);predicate(evacuation order,true);0.5824162485588301;emotion(fear,predicate(Eruption,true),0.0,null,null);nil;nil;predicate(decided to go rescue someone,true);predicate(decided to go to port,true);268.874753305813;[];predicate(in target port,true);31;[Intention(predicate(at target port,true),People31,1.0,-1)];0.8586697219396371;emotion(joy,predicate(in target port,true),0.0,null,null);[];predicate(left the island,true);{2670.5924839036898,781.105444570463,0.0};18;['going to port'];[People(35),People(47),People(43),People(16),People(34),People(20),People(10)];'People31';predicate(need to take a decision on whether to board,true);predicate(need to take a decision on whether to evacuate,true);0.633710353720793;predicate(Eruption,false);predicate(no friend needs help,true);[];0.7385320788457641;[];0.3658949034168647;nil;0.0;nil;[BDIPlan(lets_wander),BDIPlan(prepare),BDIPlan(go_rescue),BDIPlan(choose_whether_to_evacuate),BDIPlan(update_friends),BDIPlan(go_to_nearest_port),BDIPlan(wait_to_board)];0.8586697219396371;Port(0);predicate(prepared to evacuate,true);predicate(preparing to evacuate,true);false;8.333333333333334;0.366289646279207;predicate(rescue someone,true);[];[(People35,0.6,0.1,0.9,0.3,0.9),(People47,0.3,0.9,0.8,0.7,0.6),(People43,0.1,0.8,0.4,0.9,0.8),(People16,0.6,0.6,0.2,0.2,0.3),(People34,0.9,0.6,0.3,0.3,0.8),(People20,0.1,0.5,0.1,0.4,0.8),(People10,0.7,0.0,0.8,0.2,0.3)];8.333333333333334;['use plan : go_to_nearest_port','no more subintention forIntention(predicate(at target port,true),People31,1.0,-1)','use plan : go_to_nearest_port','no more subintention forIntention(predicate(at target port,true),People31,1.0,-1)','use plan : go_to_nearest_port'];2.0;predicate(took an evacuation decision,true);0.0;0.25;[];true;false;false;true;true;30.0;predicate(decided to wait for someone,true)
32;predicate(Eruption,true);0.47303190810561807;predicate(at target port,true);[Belief(predicate(evacuation order,true),People32,1.0,-1),Belief(predicate(decided to go to port,true),People32,1.0,-1),Belief(predicate(took an evacuation decision,true),People32,1.0,675),Belief(predicate(prepared to evacuate,true),People32,1.0,-1),Belief(predicate(friend status,{name=People7, location={1142.8080939013107,1942.8199075129835,0.0}, status=going to port},true),People32,1.0,-1),Belief(predicate(friend status,{name=People11, location={1933.3794682227467,643.3285457547446,0.0}, status=going to port},true),People32,1.0,-1),Belief(predicate(friend status,{name=People17, location={1918.9398665853957,725.3937767828518,0.0}, status=going to port},true),People32,1.0,-1),Belief(predicate(friend status,{name=People41, location={608.0012476621698,2703.489684504825,0.0}, status=going to port},true),People32,1.0,-1),Belief(predicate(friend status,{name=People49, location={1273.190602251936,2267.823574211147,0.0}, status=going to port},true),People32,1.0,-1),Belief(predicate(friend status,{name=People39, location={1872.767763333629,744.9327456690246,0.0}, status=going to port},true),People32,1.0,-1),Belief(predicate(friend status,{name=People44, location={1336.608539546309,1586.547575996203,0.0}, status=going to port},true),People32,1.0,-1),Belief(predicate(friend status,{name=People45, location={1886.4330275334457,2203.376529178693,0.0}, status=going to port},true),People32,1.0,-1),Belief(predicate(friend status,{name=People18, location={1774.6628832061017,942.8267887142913,0.0}, status=going to port},true),People32,1.0,-1),Belief(predicate(friend status,{name=People24, location={1932.6230835479466,1872.2059982279568,0.0}, status=going to port},true),People32,1.0,-1),Belief(predicate(friend status,{name=People40, location={1886.8572309750796,670.0954240667074,0.0}, status=going to port},true),People32,1.0,-1),Belief(predicate(friend status,{name=People42, location={5022.88193075101,7010.4390575273665,0.0}, status=going to port},true),People32,1.0,-1)];false;nil;predicate(Boom,true);0.4799900196995231;#blue;predicate(communicate status,true);0.5743064406920925;0.5;Roads(2292);nil;([Roads(358),Roads(2292),Roads(1558),Roads(1609),Roads(2733),Roads(1930),Roads(2275),Roads(2308),Roads(2361),Roads(2414),Roads(2787),Roads(1423),Roads(1473),Roads(2188),Roads(914),Roads(834),Roads(981),Roads(998),Roads(2324),Roads(361),Roads(360),Roads(1575),Roads(169),Roads(164),Roads(165),Roads(1877),Roads(171),Roads(634),Roads(2553),Roads(473),Roads(946)]) as path;BDIPlan(go_to_nearest_port);false;[Desire(predicate(at target port,true),People32,1.0,-1),Desire(predicate(Eruption,false),People32,1.0,-1),Desire(predicate(preparing to evacuate,true),People32,1.0,-1)];{1796.6680080069518,1503.4314261279555,0.0};[];predicate(enjoying my time,true);predicate(evacuation order,true);0.4799900196995231;emotion(fear,predicate(Eruption,true),0.0,null,null);nil;nil;predicate(decided to go rescue someone,true);predicate(decided to go to port,true);244.2277873722482;[];predicate(in target port,true);32;[Intention(predicate(at target port,true),People32,1.0,-1)];0.7578300869535944;emotion(joy,predicate(in target port,true),0.0,null,null);[];predicate(left the island,true);{1800.2912947618195,1510.9358406645097,0.0};18;['going to port'];[People(41),People(42),People(17),People(49),People(7),People(11),People(24),People(39),People(18),People(45),People(44),People(40)];'People32';predicate(need to take a decision on whether to board,true);predicate(need to take a decision on whether to evacuate,true);0.32737850621355913;predicate(Eruption,false);predicate(no friend needs help,true);[];0.7236498976707282;[];0.26833199909382843;nil;0.0;nil;[BDIPlan(lets_wander),BDIPlan(prepare),BDIPlan(go_rescue),BDIPlan(choose_whether_to_evacuate),BDIPlan(update_friends),BDIPlan(go_to_nearest_port),BDIPlan(wait_to_board)];0.7578300869535944;Port(1);predicate(prepared to evacuate,true);predicate(preparing to evacuate,true);false;8.333333333333334;0.6726214937864409;predicate(rescue someone,true);[];[(People41,0.1,0.2,0.3,1.0,0.0),(People42,0.9,0.0,0.0,0.7,0.2),(People17,0.4,0.0,0.7,0.6,0.7),(People49,0.8,0.0,0.8,0.0,0.9),(People7,0.9,0.0,0.2,0.8,0.8),(People11,0.6,0.0,0.6,0.5,0.7),(People24,0.1,0.5,0.5,0.1,0.3),(People39,0.3,0.6,0.7,0.0,0.6),(People18,0.6,0.4,0.1,0.5,0.1),(People45,0.2,0.9,0.3,0.7,0.8),(People44,0.1,0.6,0.5,0.6,0.5),(People40,0.4,0.1,0.9,0.1,0.7)];8.333333333333334;['use plan : go_to_nearest_port','no more subintention forIntention(predicate(at target port,true),People32,1.0,-1)','use plan : go_to_nearest_port','no more subintention forIntention(predicate(at target port,true),People32,1.0,-1)','use plan : go_to_nearest_port'];1.0;predicate(took an evacuation decision,true);0.0;0.25;[];true;false;false;true;true;30.0;predicate(decided to wait for someone,true)
33;predicate(Eruption,true);0.40449021088337606;predicate(at target port,true);[Belief(predicate(evacuation order,true),People33,1.0,-1),Belief(predicate(decided to go to port,true),People33,1.0,-1),Belief(predicate(took an evacuation decision,true),People33,1.0,704),Belief(predicate(prepared to evacuate,true),People33,1.0,-1),Belief(predicate(friend status,{name=People25, location={1443.1445682165383,1947.9502827910806,0.0}, status=going to port},true),People33,1.0,-1),Belief(predicate(friend status,{name=People23, location={1939.3916269827494,1867.3093543056832,0.0}, status=going to port},true),People33,1.0,-1),Belief(predicate(friend status,{name=People46, location={1402.0534236082458,1455.8092861035839,0.0}, status=at port},true),People33,1.0,-1),Belief(predicate(friend status,{name=People19, location={3863.679880060255,4533.397560617894,0.0}, status=going to port},true),People33,1.0,-1),Belief(predicate(friend status,{name=People0, location={632.227332878873,2710.8003451704703,0.0}, status=going to port},true),People33,1.0,-1)];false;nil;predicate(Boom,true);0.5400678138244983;#blue;predicate(communicate status,true);0.5988310457532853;0.5;Roads(114);nil;([Roads(475),Roads(114),Roads(360),Roads(1575),Roads(169),Roads(164),Roads(165),Roads(1877),Roads(171),Roads(634),Roads(2553),Roads(473),Roads(946)]) as path;BDIPlan(go_to_nearest_port);false;[Desire(predicate(preparing to evacuate,true),People33,1.0,-1),Desire(predicate(at target port,true),People33,1.0,-1),Desire(predicate(Eruption,false),People33,1.0,-1)];{1472.8038448217055,1754.3150502251945,0.0};[];predicate(enjoying my time,true);predicate(evacuation order,true);0.5400678138244983;emotion(fear,predicate(Eruption,true),0.0,null,null);nil;nil;predicate(decided to go rescue someone,true);predicate(decided to go to port,true);80.68371907403336;[];predicate(in target port,true);33;[Intention(predicate(at target port,true),People33,1.0,-1)];0.7738417446437517;emotion(joy,predicate(in target port,true),0.0,null,null);[];predicate(left the island,true);{1471.454809527416,1746.091635592622,0.0};18;['going to port'];[People(19),People(46),People(25),People(0),People(23)];'People33';predicate(need to take a decision on whether to board,true);predicate(need to take a decision on whether to evacuate,true);0.6649268521313171;predicate(Eruption,false);predicate(no friend needs help,true);[];0.7082800493578304;[];0.4690793282191323;nil;0.0;nil;[BDIPlan(lets_wander),BDIPlan(prepare),BDIPlan(go_rescue),BDIPlan(choose_whether_to_evacuate),BDIPlan(update_friends),BDIPlan(go_to_nearest_port),BDIPlan(wait_to_board)];0.7738417446437517;Port(1);predicate(prepared to evacuate,true);predicate(preparing to evacuate,true);false;8.333333333333334;0.3350731478686829;predicate(rescue someone,true);[];[(People19,0.5,0.4,0.9,0.4,1.0),(People46,0.2,0.6,0.8,0.6,0.6),(People25,0.0,0.7,0.9,0.1,0.8),(People0,0.9,0.2,1.0,0.5,0.5),(People23,0.1,0.3,0.6,0.0,0.1)];8.333333333333334;['use plan : go_to_nearest_port','no more subintention forIntention(predicate(at target port,true),People33,1.0,-1)','use plan : go_to_nearest_port','no more subintention forIntention(predicate(at target port,true),People33,1.0,-1)','use plan : go_to_nearest_port'];3.0;predicate(took an evacuation decision,true);0.0;0.25;[];true;false;false;true;true;30.0;predicate(decided to wait for someone,true)
34;predicate(Eruption,true);0.19701079888444734;predicate(at target port,true);[Belief(predicate(evacuation order,true),People34,1.0,-1),Belief(predicate(decided to go to port,true),People34,1.0,-1),Belief(predicate(took an evacuation decision,true),People34,1.0,483),Belief(predicate(prepared to evacuate,true),People34,1.0,-1),Belief(predicate(friend status,{name=People31, location={2650.3106666377585,858.590721078374,0.0}, status=going to port},true),People34,1.0,-1),Belief(predicate(friend status,{name=People10, location={2197.77511653515,832.382852059062,0.0}, status=going to port},true),People34,1.0,-1),Belief(predicate(friend status,{name=People16, location={3621.7068335360673,4998.357986046331,0.0}, status=going to port},true),People34,1.0,-1),Belief(predicate(friend status,{name=People47, location={1700.3662522968627,1055.8560720246276,0.0}, status=going to port},true),People34,1.0,-1),Belief(predicate(friend status,{name=People35, location={2068.5165894922698,1964.052766273473,0.0}, status=going to port},true),People34,1.0,-1),Belief(predicate(friend status,{name=People43, location={1645.5909675038724,2829.2167980546456,0.0}, status=going to port},true),People34,1.0,-1),Belief(predicate(friend status,{name=People20, location={1392.3032347208782,1625.7642059152333,0.0}, status=going to port},true),People34,1.0,-1)];false;nil;predicate(Boom,true);0.5250848577653531;#blue;predicate(communicate status,true);0.4143789386440292;0.5;Roads(2204);nil;([Roads(2204),Roads(311),Roads(1541),Roads(1524),Roads(2205),Roads(1727),Roads(1642),Roads(2957),Roads(2941),Roads(2396),Roads(256),Roads(1489)]) as path;BDIPlan(go_to_nearest_port);false;[Desire(predicate(at target port,true),People34,1.0,-1),Desire(predicate(preparing to evacuate,true),People34,1.0,-1),Desire(predicate(Eruption,false),People34,1.0,-1)];{1886.4204254152564,2291.2124882765875,0.0};[];predicate(enjoying my time,true);predicate(evacuation order,true);0.5250848577653531;emotion(fear,predicate(Eruption,true),0.0,null,null);nil;nil;predicate(decided to go rescue someone,true);predicate(decided to go to port,true);315.7378112632665;[];predicate(in target port,true);34;[Intention(predicate(at target port,true),People34,1.0,-1)];0.6437227187570974;emotion(joy,predicate(in target port,true),0.0,null,null);[];predicate(left the island,true);{1880.452479717344,2297.0286784893656,0.0};18;['going to port'];[People(35),People(47),People(43),People(16),People(20),People(10),People(31)];'People34';predicate(need to take a decision on whether to board,true);predicate(need to take a decision on whether to evacuate,true);0.44985451405636634;predicate(Eruption,false);predicate(no friend needs help,true);[];0.5528967975709737;[];0.7093359003263691;nil;0.0;nil;[BDIPlan(lets_wander),BDIPlan(prepare),BDIPlan(go_rescue),BDIPlan(choose_whether_to_evacuate),BDIPlan(update_friends),BDIPlan(go_to_nearest_port),BDIPlan(wait_to_board)];0.6437227187570974;Port(0);predicate(prepared to evacuate,true);predicate(preparing to evacuate,true);false;8.333333333333334;0.5501454859436337;predicate(rescue someone,true);[];[(People35,0.4,0.5,0.8,0.3,0.7),(People47,0.4,0.5,0.6,0.9,1.0),(People43,0.6,0.6,0.4,0.5,0.8),(People16,0.4,0.7,0.0,0.4,1.0),(People20,0.7,0.8,0.6,0.1,0.3),(People10,0.2,0.9,0.3,0.9,0.3),(People31,0.6,0.1,0.4,0.5,0.8)];8.333333333333334;['use plan : go_to_nearest_port','no more subintention forIntention(predicate(at target port,true),People34,1.0,-1)','use plan : go_to_nearest_port','no more subintention forIntention(predicate(at target port,true),People34,1.0,-1)','use plan : go_to_nearest_port'];2.0;predicate(took an evacuation decision,true);0.0;0.25;[];true;false;false;true;true;30.0;predicate(decided to wait for someone,true)
35;predicate(Eruption,true);0.5389088302701535;predicate(at target port,true);[Belief(predicate(evacuation order,true),People35,1.0,-1),Belief(predicate(decided to go to port,true),People35,1.0,-1),Belief(predicate(took an evacuation decision,true),People35,1.0,491),Belief(predicate(prepared to evacuate,true),People35,1.0,-1),Belief(predicate(friend status,{name=People31, location={2650.3106666377585,858.590721078374,0.0}, status=going to port},true),People35,1.0,-1),Belief(predicate(friend status,{name=People34, location={1877.3807828637305,2299.606891882056,0.0}, status=going to port},true),People35,1.0,-1),Belief(predicate(friend status,{name=People10, location={2197.77511653515,832.382852059062,0.0}, status=going to port},true),People35,1.0,-1),Belief(predicate(friend status,{name=People16, location={3621.7068335360673,4998.357986046331,0.0}, status=going to port},true),People35,1.0,-1),Belief(predicate(friend status,{name=People47, location={1700.3662522968627,1055.8560720246276,0.0}, status=going to port},true),People35,1.0,-1),Belief(predicate(friend status,{name=People43, location={1645.5909675038724,2829.2167980546456,0.0}, status=going to port},true),People35,1.0,-1),Belief(predicate(friend status,{name=People20, location={1392.3032347208782,1625.7642059152333,0.0}, status=going to port},true),People35,1.0,-1)];false;nil;predicate(Boom,true);0.17271621871120263;#blue;predicate(communicate status,true);0.4215730519382912;0.5;Roads(256);nil;([Roads(256),Roads(1489)]) as path;BDIPlan(go_to_nearest_port);false;[Desire(predicate(Eruption,false),People35,1.0,-1),Desire(predicate(at target port,true),People35,1.0,-1),Desire(predicate(preparing to evacuate,true),People35,1.0,-1)];{2084.6019540650004,1942.538226696705,0.0};[];predicate(enjoying my time,true);predicate(evacuation order,true);0.17271621871120263;emotion(fear,predicate(Eruption,true),0.0,null,null);nil;nil;predicate(decided to go rescue someone,true);predicate(decided to go to port,true);295.6175304182334;[];predicate(in target port,true);35;[Intention(predicate(at target port,true),People35,1.0,-1)];0.6492865715062118;emotion(joy,predicate(in target port,true),0.0,null,null);[];predicate(left the island,true);{2080.9989402614588,1950.0523957110358,0.0};18;['going to port'];[People(47),People(43),People(16),People(34),People(20),People(10),People(31)];'People35';predicate(need to take a decision on whether to board,true);predicate(need to take a decision on whether to evacuate,true);0.5745584875293472;predicate(Eruption,false);predicate(no friend needs help,true);[];0.6929941854764889;[];0.5345180155245199;nil;0.0;nil;[BDIPlan(lets_wander),BDIPlan(prepare),BDIPlan(go_rescue),BDIPlan(choose_whether_to_evacuate),BDIPlan(update_friends),BDIPlan(go_to_nearest_port),BDIPlan(wait_to_board)];0.6492865715062118;Port(0);predicate(prepared to evacuate,true);predicate(preparing to evacuate,true);false;8.333333333333334;0.42544151247065276;predicate(rescue someone,true);[];[(People47,0.6,0.8,0.9,0.2,0.8),(People43,0.0,0.8,0.8,0.5,0.7),(People16,0.3,0.2,0.3,0.7,0.4),(People34,0.5,0.3,0.4,0.2,0.2),(People20,0.1,0.9,0.7,0.7,0.5),(People10,0.9,0.2,0.6,0.3,0.1),(People31,0.5,0.8,0.1,0.4,0.6)];8.333333333333334;['use plan : go_to_nearest_port','no more subintention forIntention(predicate(at target port,true),People35,1.0,-1)','use plan : go_to_nearest_port','no more subintention forIntention(predicate(at target port,true),People35,1.0,-1)','use plan : go_to_nearest_port'];5.0;predicate(took an evacuation decision,true);0.0;0.25;[];true;false;false;true;true;30.0;predicate(decided to wait for someone,true)
36;predicate(Eruption,true);0.2878843947641798;predicate(at target port,true);[Belief(predicate(evacuation order,true),People36,1.0,-1),Belief(predicate(decided to go to port,true),People36,1.0,-1),Belief(predicate(took an evacuation decision,true),People36,1.0,770),Belief(predicate(prepared to evacuate,true),People36,1.0,-1),Belief(predicate(friend status,{name=People1, location={1836.5764447991878,934.0853978409024,0.0}, status=going to port},true),People36,1.0,-1),Belief(predicate(friend status,{name=People5, location={2167.973465660715,238.07863091713517,0.0}, status=going to port},true),People36,1.0,-1),Belief(predicate(friend status,{name=People6, location={2024.1668091934098,194.2730616459417,0.0}, status=going to port},true),People36,1.0,-1),Belief(predicate(friend status,{name=People8, location={2270.231340491408,1397.8674045672956,0.0}, status=going to port},true),People36,1.0,-1),Belief(predicate(friend status,{name=People38, location={576.583115110955,2694.008693095126,0.0}, status=going to port},true),People36,1.0,-1),Belief(predicate(friend status,{name=People26, location={1926.8350882065436,1519.5053493058415,0.0}, status=going to port},true),People36,1.0,-1),Belief(predicate(friend status,{name=People30, location={1919.0052699973673,3196.0577811861585,0.0}, status=going to port},true),People36,1.0,-1),Belief(predicate(friend status,{name=People48, location={1027.1107910279989,2366.1943147732154,0.0}, status=going to port},true),People36,1.0,-1),Belief(predicate(Boom,{intensity=4},true),People36,1.0,3000)];false;nil;predicate(Boom,true);0.546881773802432;#blue;predicate(communicate status,true);0.6536183366784077;0.5;Roads(474);nil;([Roads(474),Roads(81),Roads(97),Roads(2677),Roads(2659),Roads(64),Roads(59),Roads(96),Roads(56),Roads(51),Roads(309),Roads(141),Roads(140),Roads(310),Roads(72),Roads(67),Roads(27),Roads(4),Roads(2499),Roads(15),Roads(428),Roads(14),Roads(2151),Roads(47),Roads(52),Roads(53),Roads(50),Roads(175),Roads(176),Roads(182),Roads(1710),Roads(1744),Roads(1693),Roads(302),Roads(1354),Roads(193),Roads(21),Roads(19),Roads(184),Roads(183),Roads(305),Roads(24),Roads(1388),Roads(2840),Roads(1625),Roads(770),Roads(719),Roads(1490),Roads(1541),Roads(1524),Roads(2205),Roads(1727),Roads(1642),Roads(2957),Roads(2941),Roads(2396),Roads(256),Roads(1489)]) as path;BDIPlan(go_to_nearest_port);false;[Desire(predicate(Eruption,false),People36,1.0,-1),Desire(predicate(at target port,true),People36,1.0,-1),Desire(predicate(preparing to evacuate,true),People36,1.0,-1)];{3920.612773706442,3598.0522882741916,0.0};[];predicate(enjoying my time,true);predicate(evacuation order,true);0.546881773802432;emotion(fear,predicate(Eruption,true),0.0,null,null);nil;nil;predicate(decided to go rescue someone,true);predicate(decided to go to port,true);195.5354960564675;[];predicate(in target port,true);36;[Intention(predicate(at target port,true),People36,1.0,-1)];0.8084666577406936;emotion(joy,predicate(in target port,true),0.0,null,null);[];predicate(left the island,true);{3928.641646272764,3600.2842492411905,0.0};18;['going to port'];[People(26),People(1),People(8),People(30),People(48),People(38),People(6),People(5)];'People36';predicate(need to take a decision on whether to board,true);predicate(need to take a decision on whether to evacuate,true);0.36114328610658025;predicate(Eruption,false);predicate(no friend needs help,true);[];0.6861132309767053;[];0.34846687729325326;nil;0.0;nil;[BDIPlan(lets_wander),BDIPlan(prepare),BDIPlan(go_rescue),BDIPlan(choose_whether_to_evacuate),BDIPlan(update_friends),BDIPlan(go_to_nearest_port),BDIPlan(wait_to_board)];0.8084666577406936;Port(0);predicate(prepared to evacuate,true);predicate(preparing to evacuate,true);false;8.333333333333334;0.6388567138934198;predicate(rescue someone,true);[];[(People26,0.3,0.0,0.4,0.1,1.0),(People1,0.8,0.0,0.8,0.1,0.2),(People8,0.8,0.3,0.2,0.7,1.0),(People30,0.9,0.4,0.4,0.1,1.0),(People48,0.8,0.5,0.6,0.3,0.2),(People38,0.2,0.2,0.2,0.5,0.4),(People6,0.4,0.1,0.6,0.1,0.2),(People5,0.6,0.5,0.7,0.8,0.2)];8.333333333333334;['use plan : go_to_nearest_port','no more subintention forIntention(predicate(at target port,true),People36,1.0,-1)','use plan : go_to_nearest_port','no more subintention forIntention(predicate(at target port,true),People36,1.0,-1)','use plan : go_to_nearest_port'];3.0;predicate(took an evacuation decision,true);0.0;0.25;[];true;false;false;true;true;30.0;predicate(decided to wait for someone,true)
37;predicate(Eruption,true);0.633190955465782;predicate(at target port,true);[Belief(predicate(evacuation order,true),People37,1.0,-1),Belief(predicate(decided to go to port,true),People37,1.0,-1),Belief(predicate(took an evacuation decision,true),People37,1.0,385),Belief(predicate(prepared to evacuate,true),People37,1.0,-1),Belief(predicate(friend status,{name=People4, location={2010.8000557463545,1838.1191149721924,0.0}, status=going to port},true),People37,1.0,-1),Belief(predicate(friend status,{name=People9, location={1943.0405286208425,516.826222732286,0.0}, status=going to port},true),People37,1.0,-1),Belief(predicate(friend status,{name=People15, location={1556.4104154645065,2076.906165804759,0.0}, status=going to port},true),People37,1.0,-1),Belief(predicate(friend status,{name=People2, location={3670.8153330897912,3283.0758224661117,0.0}, status=going to port},true),People37,1.0,-1),Belief(predicate(friend status,{name=People13, location={1112.690313228814,2078.526009020821,0.0}, status=going to port},true),People37,1.0,-1),Belief(predicate(friend status,{name=People27, location={1850.7935507416785,2091.7192314155322,0.0}, status=going to port},true),People37,1.0,-1),Belief(predicate(friend status,{name=People3, location={1826.4036451443699,1672.1964716181162,0.0}, status=going to port},true),People37,1.0,-1)];false;nil;predicate(Boom,true);0.486829958002216;#blue;predicate(communicate status,true);0.3331572929029886;0.5;Roads(407);nil;([Roads(1764),Roads(407),Roads(1998),Roads(3028),Roads(3027),Roads(133),Roads(3015),Roads(3010),Roads(3048),Roads(2377),Roads(2395),Roads(2341),Roads(2359),Roads(2446),Roads(3041),Roads(3042),Roads(3050),Roads(3052),Roads(163),Roads(162),Roads(470)]) as path;BDIPlan(go_to_nearest_port);false;[Desire(predicate(at target port,true),People37,1.0,-1),Desire(predicate(Eruption,false),People37,1.0,-1),Desire(predicate(preparing to evacuate,true),People37,1.0,-1)];{4109.080435380455,5855.543728513993,0.0};[];predicate(enjoying my time,true);predicate(evacuation order,true);0.486829958002216;emotion(fear,predicate(Eruption,true),0.0,null,null);nil;nil;predicate(decided to go rescue someone,true);predicate(decided to go to port,true);174.39470234110894;[];predicate(in target port,true);37;[Intention(predicate(at target port,true),People37,1.0,-1)];0.5771977935707903;emotion(joy,predicate(in target port,true),0.0,null,null);[];predicate(left the island,true);{4117.373921822602,5854.729770850243,0.0};18;['going to port'];[People(3),People(27),People(9),People(15),People(13),People(4),People(2)];'People37';predicate(need to take a decision on whether to board,true);predicate(need to take a decision on whether to evacuate,true);0.4798579695674764;predicate(Eruption,false);predicate(no friend needs help,true);[];0.6951072753067582;[];0.9127682624250757;nil;0.0;nil;[BDIPlan(lets_wander),BDIPlan(prepare),BDIPlan(go_rescue),BDIPlan(choose_whether_to_evacuate),BDIPlan(update_friends),BDIPlan(go_to_nearest_port),BDIPlan(wait_to_board)];0.5771977935707903;Port(2);predicate(prepared to evacuate,true);predicate(preparing to evacuate,true);false;8.333333333333334;0.5201420304325236;predicate(rescue someone,true);[];[(People3,1.0,0.2,0.3,0.4,0.7),(People27,0.0,0.0,0.5,0.5,0.8),(People9,0.1,0.5,0.1,0.0,0.4),(People15,0.2,0.7,0.9,0.5,0.9),(People13,0.6,0.6,0.3,0.9,0.5),(People4,0.1,0.2,0.7,0.0,0.3),(People2,1.0,0.3,0.0,0.3,0.1)];8.333333333333334;['use plan : go_to_nearest_port','no more subintention forIntention(predicate(at target port,true),People37,1.0,-1)','use plan : go_to_nearest_port','no more subintention forIntention(predicate(at target port,true),People37,1.0,-1)','use plan : go_to_nearest_port'];3.0;predicate(took an evacuation decision,true);0.0;0.25;[];true;false;false;true;true;30.0;predicate(decided to wait for someone,true)
38;predicate(Eruption,true);0.40100565654242765;predicate(at target port,true);[Belief(predicate(evacuation order,true),People38,1.0,-1),Belief(predicate(decided to go to port,true),People38,1.0,-1),Belief(predicate(took an evacuation decision,true),People38,1.0,501),Belief(predicate(prepared to evacuate,true),People38,1.0,-1),Belief(predicate(friend status,{name=People1, location={1836.5764447991878,934.0853978409024,0.0}, status=going to port},true),People38,1.0,-1),Belief(predicate(friend status,{name=People5, location={2167.973465660715,238.07863091713517,0.0}, status=going to port},true),People38,1.0,-1),Belief(predicate(friend status,{name=People6, location={2024.1668091934098,194.2730616459417,0.0}, status=going to port},true),People38,1.0,-1),Belief(predicate(friend status,{name=People8, location={2270.231340491408,1397.8674045672956,0.0}, status=going to port},true),People38,1.0,-1),Belief(predicate(friend status,{name=People26, location={1926.8350882065436,1519.5053493058415,0.0}, status=going to port},true),People38,1.0,-1),Belief(predicate(friend status,{name=People36, location={3921.408352826312,3605.637264094785,0.0}, status=going to port},true),People38,1.0,-1),Belief(predicate(friend status,{name=People30, location={1919.0052699973673,3196.0577811861585,0.0}, status=going to port},true),People38,1.0,-1),Belief(predicate(friend status,{name=People48, location={1027.1107910279989,2366.1943147732154,0.0}, status=going to port},true),People38,1.0,-1)];false;nil;predicate(Boom,true);0.5164872407280784;#blue;predicate(communicate status,true);0.4292181119737737;0.5;Roads(220);nil;([Roads(338),Roads(340),Roads(219),Roads(220),Roads(217),Roads(304),Roads(1540),Roads(503),Roads(2679),Roads(1321),Roads(1238),Roads(2874),Roads(2925),Roads(583),Roads(634),Roads(2553),Roads(473),Roads(946)]) as path;BDIPlan(go_to_nearest_port);false;[Desire(predicate(Eruption,false),People38,1.0,-1),Desire(predicate(at target port,true),People38,1.0,-1),Desire(predicate(preparing to evacuate,true),People38,1.0,-1)];{540.6674326205879,2632.5289817865623,0.0};[];predicate(enjoying my time,true);predicate(evacuation order,true);0.5164872407280784;emotion(fear,predicate(Eruption,true),0.0,null,null);nil;nil;predicate(decided to go rescue someone,true);predicate(decided to go to port,true);296.57095190851135;[];predicate(in target port,true);38;[Intention(predicate(at target port,true),People38,1.0,-1)];0.6551473971357695;emotion(joy,predicate(in target port,true),0.0,null,null);[];predicate(left the island,true);{536.9398850566479,2639.982157861432,0.0};18;['going to port'];[People(26),People(1),People(8),People(30),People(48),People(6),People(5),People(36)];'People38';predicate(need to take a decision on whether to board,true);predicate(need to take a decision on whether to evacuate,true);0.4858322854124997;predicate(Eruption,false);predicate(no friend needs help,true);[];0.6442917695098244;[];0.5778829315598222;nil;0.0;nil;[BDIPlan(lets_wander),BDIPlan(prepare),BDIPlan(go_rescue),BDIPlan(choose_whether_to_evacuate),BDIPlan(update_friends),BDIPlan(go_to_nearest_port),BDIPlan(wait_to_board)];0.6551473971357695;Port(1);predicate(prepared to evacuate,true);predicate(preparing to evacuate,true);false;8.333333333333334;0.5141677145875003;predicate(rescue someone,true);[];[(People26,0.0,0.3,0.6,0.4,0.3),(People1,0.4,0.7,0.3,0.7,0.8),(People8,0.3,0.5,0.7,0.2,0.7),(People30,0.3,0.2,0.3,0.6,0.7),(People48,0.9,0.0,0.1,0.3,0.5),(People6,0.7,0.9,0.0,0.2,0.8),(People5,0.5,0.4,0.6,0.1,0.5),(People36,0.6,0.8,0.2,0.8,0.7)];8.333333333333334;['use plan : go_to_nearest_port','no more subintention forIntention(predicate(at target port,true),People38,1.0,-1)','use plan : go_to_nearest_port','no more subintention forIntention(predicate(at target port,true),People38,1.0,-1)','use plan : go_to_nearest_port'];2.0;predicate(took an evacuation decision,true);0.0;0.25;[];true;false;false;true;true;30.0;predicate(decided to wait for someone,true)
39;predicate(Eruption,true);0.5439270342660719;predicate(at target port,true);[Belief(predicate(evacuation order,true),People39,1.0,-1),Belief(predicate(decided to go to port,true),People39,1.0,-1),Belief(predicate(took an evacuation decision,true),People39,1.0,569),Belief(predicate(prepared to evacuate,true),People39,1.0,-1),Belief(predicate(friend status,{name=People7, location={1142.8080939013107,1942.8199075129835,0.0}, status=going to port},true),People39,1.0,-1),Belief(predicate(friend status,{name=People11, location={1933.3794682227467,643.3285457547446,0.0}, status=going to port},true),People39,1.0,-1),Belief(predicate(friend status,{name=People17, location={1918.9398665853957,725.3937767828518,0.0}, status=going to port},true),People39,1.0,-1),Belief(predicate(friend status,{name=People32, location={1778.5132699741412,1488.1503078320657,0.0}, status=going to port},true),People39,1.0,-1),Belief(predicate(friend status,{name=People41, location={608.0012476621698,2703.489684504825,0.0}, status=going to port},true),People39,1.0,-1),Belief(predicate(friend status,{name=People49, location={1273.190602251936,2267.823574211147,0.0}, status=going to port},true),People39,1.0,-1),Belief(predicate(friend status,{name=People44, location={1336.608539546309,1586.547575996203,0.0}, status=going to port},true),People39,1.0,-1),Belief(predicate(friend status,{name=People45, location={1886.4330275334457,2203.376529178693,0.0}, status=going to port},true),People39,1.0,-1),Belief(predicate(friend status,{name=People18, location={1774.6628832061017,942.8267887142913,0.0}, status=going to port},true),People39,1.0,-1),Belief(predicate(friend status,{name=People24, location={1932.6230835479466,1872.2059982279568,0.0}, status=going to port},true),People39,1.0,-1),Belief(predicate(friend status,{name=People40, location={1886.8572309750796,670.0954240667074,0.0}, status=going to port},true),People39,1.0,-1),Belief(predicate(friend status,{name=People42, location={5022.88193075101,7010.4390575273665,0.0}, status=going to port},true),People39,1.0,-1)];false;nil;predicate(Boom,true);0.5215354472679588;#blue;predicate(communicate status,true);0.48660477768246596;0.5;Roads(2661);nil;([Roads(2668),Roads(2661),Roads(2715),Roads(1015),Roads(1066),Roads(1117),Roads(1032),Roads(2697),Roads(1592),Roads(1507),Roads(1389),Roads(736),Roads(2501),Roads(2483),Roads(2016),Roads(1221),Roads(702),Roads(651),Roads(2292),Roads(1558),Roads(1609),Roads(2733),Roads(1930),Roads(2275),Roads(2308),Roads(2361),Roads(2414),Roads(2787),Roads(1423),Roads(1473),Roads(2188),Roads(914),Roads(834),Roads(981),Roads(998),Roads(2324),Roads(361),Roads(360),Roads(1575),Roads(169),Roads(164),Roads(165),Roads(1877),Roads(171),Roads(634),Roads(2553),Roads(473),Roads(946)]) as path;BDIPlan(go_to_nearest_port);false;[Desire(predicate(at target port,true),People39,1.0,-1),Desire(predicate(Eruption,false),People39,1.0,-1),Desire(predicate(preparing to evacuate,true),People39,1.0,-1)];{1874.4428082175684,736.2153277326647,0.0};[];predicate(enjoying my time,true);predicate(evacuation order,true);0.5215354472679588;emotion(fear,predicate(Eruption,true),0.0,null,null);nil;nil;predicate(decided to go rescue someone,true);predicate(decided to go to port,true);100.87676972254701;[];predicate(in target port,true);39;[Intention(predicate(at target port,true),People39,1.0,-1)];0.6975706255874498;emotion(joy,predicate(in target port,true),0.0,null,null);[];predicate(left the island,true);{1876.0152856957138,728.0317002347167,0.0};18;['going to port'];[People(41),People(42),People(17),People(49),People(7),People(11),People(24),People(18),People(45),People(44),People(40),People(32)];'People39';predicate(need to take a decision on whether to board,true);predicate(need to take a decision on whether to evacuate,true);0.6498045026514188;predicate(Eruption,false);predicate(no friend needs help,true);[];0.7178202462833358;[];0.5694328207759122;nil;0.0;nil;[BDIPlan(lets_wander),BDIPlan(prepare),BDIPlan(go_rescue),BDIPlan(choose_whether_to_evacuate),BDIPlan(update_friends),BDIPlan(go_to_nearest_port),BDIPlan(wait_to_board)];0.6975706255874498;Port(1);predicate(prepared to evacuate,true);predicate(preparing to evacuate,true);false;8.333333333333334;0.35019549734858124;predicate(rescue someone,true);[];[(People41,0.5,0.6,0.8,0.4,0.6),(People42,0.2,0.3,0.0,0.7,0.7),(People17,0.6,0.4,0.4,0.3,0.3),(People49,0.7,0.6,1.0,0.6,0.7),(People7,0.5,0.3,0.8,1.0,0.5),(People11,0.1,0.0,0.8,0.6,0.3),(People24,0.2,0.6,0.3,0.1,0.4),(People18,0.3,0.1,0.2,0.8,0.3),(People45,0.9,0.3,0.5,0.3,0.5),(People44,0.3,0.0,0.8,1.0,0.5),(People40,0.1,0.3,0.4,0.9,0.3),(People32,0.7,0.1,0.1,0.0,0.2)];8.333333333333334;['use plan : go_to_nearest_port','no more subintention forIntention(predicate(at target port,true),People39,1.0,-1)','use plan : go_to_nearest_port','no more subintention forIntention(predicate(at target port,true),People39,1.0,-1)','use plan : go_to_nearest_port'];2.0;predicate(took an evacuation decision,true);0.0;0.25;[];true;false;false;true;true;30.0;predicate(decided to wait for someone,true)
40;predicate(Eruption,true);0.39908628487137443;predicate(at target port,true);[Belief(predicate(evacuation order,true),People40,1.0,-1),Belief(predicate(decided to go to port,true),People40,1.0,-1),Belief(predicate(took an evacuation decision,true),People40,1.0,286),Belief(predicate(prepared to evacuate,true),People40,1.0,-1),Belief(predicate(friend status,{name=People7, location={1142.8080939013107,1942.8199075129835,0.0}, status=going to port},true),People40,1.0,-1),Belief(predicate(friend status,{name=People11, location={1933.3794682227467,643.3285457547446,0.0}, status=going to port},true),People40,1.0,-1),Belief(predicate(friend status,{name=People17, location={1918.9398665853957,725.3937767828518,0.0}, status=going to port},true),People40,1.0,-1),Belief(predicate(friend status,{name=People32, location={1778.5132699741412,1488.1503078320657,0.0}, status=going to port},true),People40,1.0,-1),Belief(predicate(friend status,{name=People41, location={608.0012476621698,2703.489684504825,0.0}, status=going to port},true),People40,1.0,-1),Belief(predicate(friend status,{name=People49, location={1273.190602251936,2267.823574211147,0.0}, status=going to port},true),People40,1.0,-1),Belief(predicate(friend status,{name=People39, location={1872.767763333629,744.9327456690246,0.0}, status=going to port},true),People40,1.0,-1),Belief(predicate(friend status,{name=People44, location={1336.608539546309,1586.547575996203,0.0}, status=going to port},true),People40,1.0,-1),Belief(predicate(friend status,{name=People45, location={1886.4330275334457,2203.376529178693,0.0}, status=going to port},true),People40,1.0,-1),Belief(predicate(friend status,{name=People18, location={1774.6628832061017,942.8267887142913,0.0}, status=going to port},true),People40,1.0,-1),Belief(predicate(friend status,{name=People24, location={1932.6230835479466,1872.2059982279568,0.0}, status=going to port},true),People40,1.0,-1),Belief(predicate(friend status,{name=People42, location={5022.88193075101,7010.4390575273665,0.0}, status=going to port},true),People40,1.0,-1)];false;nil;predicate(Boom,true);0.6961909247364209;#blue;predicate(communicate status,true);0.23570884859270985;0.5;Roads(2661);nil;([Roads(607),Roads(600),Roads(2661),Roads(2715),Roads(1015),Roads(1066),Roads(1117),Roads(1032),Roads(2697),Roads(1592),Roads(1507),Roads(1389),Roads(736),Roads(2501),Roads(2483),Roads(2016),Roads(1221),Roads(702),Roads(651),Roads(2292),Roads(1558),Roads(1609),Roads(2733),Roads(1930),Roads(2275),Roads(2308),Roads(2361),Roads(2414),Roads(2787),Roads(1423),Roads(1473),Roads(2188),Roads(914),Roads(834),Roads(981),Roads(998),Roads(2324),Roads(361),Roads(360),Roads(1575),Roads(169),Roads(164),Roads(165),Roads(1877),Roads(171),Roads(634),Roads(2553),Roads(473),Roads(946)]) as path;BDIPlan(go_to_nearest_port);false;[Desire(predicate(at target port,true),People40,1.0,-1),Desire(predicate(preparing to evacuate,true),People40,1.0,-1),Desire(predicate(Eruption,false),People40,1.0,-1)];{1875.0025429881641,733.302306132121,0.0};[];predicate(enjoying my time,true);predicate(evacuation order,true);0.6961909247364209;emotion(fear,predicate(Eruption,true),0.0,null,null);nil;nil;predicate(decided to go rescue someone,true);predicate(decided to go to port,true);100.87676972254692;[];predicate(in target port,true);40;[Intention(predicate(at target port,true),People40,1.0,-1)];0.48549855673597;emotion(joy,predicate(in target port,true),0.0,null,null);[];predicate(left the island,true);{1876.5750204663095,725.118678634173,0.0};18;['going to port'];[People(41),People(42),People(17),People(49),People(7),People(11),People(24),People(39),People(18),People(45),People(44),People(32)];'People40';predicate(need to take a decision on whether to board,true);predicate(need to take a decision on whether to evacuate,true);0.4679148801300099;predicate(Eruption,false);predicate(no friend needs help,true);[];0.5633804813197224;[];0.3692665009617535;nil;0.0;nil;[BDIPlan(lets_wander),BDIPlan(prepare),BDIPlan(go_rescue),BDIPlan(choose_whether_to_evacuate),BDIPlan(update_friends),BDIPlan(go_to_nearest_port),BDIPlan(wait_to_board)];0.48549855673597;Port(1);predicate(prepared to evacuate,true);predicate(preparing to evacuate,true);false;8.333333333333334;0.5320851198699901;predicate(rescue someone,true);[];[(People41,0.4,0.2,0.4,0.2,0.6),(People42,0.6,0.1,0.1,0.1,1.0),(People17,0.5,0.2,0.8,0.6,0.9),(People49,0.8,0.4,0.6,0.2,0.4),(People7,0.9,0.3,0.9,1.0,0.1),(People11,0.9,0.8,0.2,0.4,0.5),(People24,0.4,0.2,0.5,0.4,0.7),(People39,0.4,0.8,0.7,0.6,0.3),(People18,0.4,0.4,0.5,1.0,1.0),(People45,0.1,0.1,0.3,0.7,1.0),(People44,0.3,0.1,0.8,0.6,0.2),(People32,0.4,0.3,0.7,0.3,0.1)];8.333333333333334;['use plan : go_to_nearest_port','no more subintention forIntention(predicate(at target port,true),People40,1.0,-1)','use plan : go_to_nearest_port','no more subintention forIntention(predicate(at target port,true),People40,1.0,-1)','use plan : go_to_nearest_port'];5.0;predicate(took an evacuation decision,true);0.0;0.25;[];true;false;false;true;true;30.0;predicate(decided to wait for someone,true)
41;predicate(Eruption,true);0.5426892156409651;predicate(at target port,true);[Belief(predicate(evacuation order,true),People41,1.0,-1),Belief(predicate(decided to go to port,true),People41,1.0,-1),Belief(predicate(took an evacuation decision,true),People41,1.0,498),Belief(predicate(prepared to evacuate,true),People41,1.0,-1),Belief(predicate(friend status,{name=People7, location={1142.8080939013107,1942.8199075129835,0.0}, status=going to port},true),People41,1.0,-1),Belief(predicate(friend status,{name=People11, location={1933.3794682227467,643.3285457547446,0.0}, status=going to port},true),People41,1.0,-1),Belief(predicate(friend status,{name=People17, location={1918.9398665853957,725.3937767828518,0.0}, status=going to port},true),People41,1.0,-1),Belief(predicate(friend status,{name=People32, location={1778.5132699741412,1488.1503078320657,0.0}, status=going to port},true),People41,1.0,-1),Belief(predicate(friend status,{name=People49, location={1273.190602251936,2267.823574211147,0.0}, status=going to port},true),People41,1.0,-1),Belief(predicate(friend status,{name=People39, location={1872.767763333629,744.9327456690246,0.0}, status=going to port},true),People41,1.0,-1),Belief(predicate(friend status,{name=People44, location={1336.608539546309,1586.547575996203,0.0}, status=going to port},true),People41,1.0,-1),Belief(predicate(friend status,{name=People45, location={1886.4330275334457,2203.376529178693,0.0}, status=going to port},true),People41,1.0,-1),Belief(predicate(friend status,{name=People18, location={1774.6628832061017,942.8267887142913,0.0}, status=going to port},true),People41,1.0,-1),Belief(predicate(friend status,{name=People24, location={1932.6230835479466,1872.2059982279568,0.0}, status=going to port},true),People41,1.0,-1),Belief(predicate(friend status,{name=People40, location={1886.8572309750796,670.0954240667074,0.0}, status=going to port},true),People41,1.0,-1),Belief(predicate(friend status,{name=People42, location={5022.88193075101,7010.4390575273665,0.0}, status=going to port},true),People41,1.0,-1)];false;nil;predicate(Boom,true);0.5324079178135603;#blue;predicate(communicate status,true);0.42682535960480017;0.5;Roads(219);nil;([Roads(338),Roads(340),Roads(219),Roads(220),Roads(217),Roads(304),Roads(1540),Roads(503),Roads(2679),Roads(1321),Roads(1238),Roads(2874),Roads(2925),Roads(583),Roads(634),Roads(2553),Roads(473),Roads(946)]) as path;BDIPlan(go_to_nearest_port);false;[Desire(predicate(Eruption,false),People41,1.0,-1),Desire(predicate(at target port,true),People41,1.0,-1),Desire(predicate(preparing to evacuate,true),People41,1.0,-1)];{537.9461469807408,2656.084674061744,0.0};[];predicate(enjoying my time,true);predicate(evacuation order,true);0.5324079178135603;emotion(fear,predicate(Eruption,true),0.0,null,null);nil;nil;predicate(decided to go rescue someone,true);predicate(decided to go to port,true);276.44917982904747;[];predicate(in target port,true);41;[Intention(predicate(at target port,true),People41,1.0,-1)];0.653318727425443;emotion(joy,predicate(in target port,true),0.0,null,null);[];predicate(left the island,true);{537.0101312167856,2664.3652730095296,0.0};18;['going to port'];[People(42),People(17),People(49),People(7),People(11),People(24),People(39),People(18),People(45),People(44),People(40),People(32)];'People41';predicate(need to take a decision on whether to board,true);predicate(need to take a decision on whether to evacuate,true);0.3974075457261634;predicate(Eruption,false);predicate(no friend needs help,true);[];0.6962451347211573;[];0.4689388769108705;nil;0.0;nil;[BDIPlan(lets_wander),BDIPlan(prepare),BDIPlan(go_rescue),BDIPlan(choose_whether_to_evacuate),BDIPlan(update_friends),BDIPlan(go_to_nearest_port),BDIPlan(wait_to_board)];0.653318727425443;Port(1);predicate(prepared to evacuate,true);predicate(preparing to evacuate,true);false;8.333333333333334;0.6025924542738366;predicate(rescue someone,true);[];[(People42,0.7,0.2,0.8,0.9,0.1),(People17,0.8,0.7,0.8,0.7,0.8),(People49,0.4,0.2,0.6,0.1,0.6),(People7,1.0,0.5,0.9,0.6,0.5),(People11,0.1,0.2,0.5,0.5,0.3),(People24,0.1,0.6,0.2,0.5,0.9),(People39,0.2,0.8,0.4,0.4,0.7),(People18,0.4,0.0,0.2,0.1,0.6),(People45,0.1,0.0,0.7,0.2,0.8),(People44,0.6,0.1,0.0,0.9,1.0),(People40,0.8,0.7,0.7,0.5,0.9),(People32,0.7,0.4,0.2,0.1,0.5)];8.333333333333334;['use plan : go_to_nearest_port','no more subintention forIntention(predicate(at target port,true),People41,1.0,-1)','use plan : go_to_nearest_port','no more subintention forIntention(predicate(at target port,true),People41,1.0,-1)','use plan : go_to_nearest_port'];1.0;predicate(took an evacuation decision,true);0.0;0.25;[];true;false;false;true;true;30.0;predicate(decided to wait for someone,true)
42;predicate(Eruption,true);0.5940522674189144;predicate(at target port,true);[Belief(predicate(evacuation order,true),People42,1.0,-1),Belief(predicate(decided to go to port,true),People42,1.0,-1),Belief(predicate(took an evacuation decision,true),People42,1.0,522),Belief(predicate(prepared to evacuate,true),People42,1.0,-1),Belief(predicate(friend status,{name=People7, location={1142.8080939013107,1942.8199075129835,0.0}, status=going to port},true),People42,1.0,-1),Belief(predicate(friend status,{name=People11, location={1933.3794682227467,643.3285457547446,0.0}, status=going to port},true),People42,1.0,-1),Belief(predicate(friend status,{name=People17, location={1918.9398665853957,725.3937767828518,0.0}, status=going to port},true),People42,1.0,-1),Belief(predicate(friend status,{name=People32, location={1778.5132699741412,1488.1503078320657,0.0}, status=going to port},true),People42,1.0,-1),Belief(predicate(friend status,{name=People41, location={608.0012476621698,2703.489684504825,0.0}, status=going to port},true),People42,1.0,-1),Belief(predicate(friend status,{name=People49, location={1273.190602251936,2267.823574211147,0.0}, status=going to port},true),People42,1.0,-1),Belief(predicate(friend status,{name=People39, location={1872.767763333629,744.9327456690246,0.0}, status=going to port},true),People42,1.0,-1),Belief(predicate(friend status,{name=People44, location={1336.608539546309,1586.547575996203,0.0}, status=going to port},true),People42,1.0,-1),Belief(predicate(friend status,{name=People45, location={1886.4330275334457,2203.376529178693,0.0}, status=going to port},true),People42,1.0,-1),Belief(predicate(friend status,{name=People18, location={1774.6628832061017,942.8267887142913,0.0}, status=going to port},true),People42,1.0,-1),Belief(predicate(friend status,{name=People24, location={1932.6230835479466,1872.2059982279568,0.0}, status=going to port},true),People42,1.0,-1),Belief(predicate(friend status,{name=People40, location={1886.8572309750796,670.0954240667074,0.0}, status=going to port},true),People42,1.0,-1)];false;nil;predicate(Boom,true);0.4986450976488041;#blue;predicate(communicate status,true);0.44666835282873857;0.5;Roads(470);nil;([Roads(156),Roads(162),Roads(470)]) as path;BDIPlan(go_to_nearest_port);false;[Desire(predicate(Eruption,false),People42,1.0,-1),Desire(predicate(preparing to evacuate,true),People42,1.0,-1),Desire(predicate(at target port,true),People42,1.0,-1)];{5034.289897736626,7011.005904180741,0.0};[];predicate(enjoying my time,true);predicate(evacuation order,true);0.4986450976488041;emotion(fear,predicate(Eruption,true),0.0,null,null);nil;nil;predicate(decided to go rescue someone,true);predicate(decided to go to port,true);47.45686467405036;[];predicate(in target port,true);42;[Intention(predicate(at target port,true),People42,1.0,-1)];0.6683325166627302;emotion(joy,predicate(in target port,true),0.0,null,null);[];predicate(left the island,true);{5028.655355420791,7004.866166618311,0.0};18;['going to port'];[People(41),People(17),People(49),People(7),People(11),People(24),People(39),People(18),People(45),People(44),People(40),People(32)];'People42';predicate(need to take a decision on whether to board,true);predicate(need to take a decision on whether to evacuate,true);0.414659009149393;predicate(Eruption,false);predicate(no friend needs help,true);[];0.7213600419511926;[];0.6342372359429271;nil;0.0;nil;[BDIPlan(lets_wander),BDIPlan(prepare),BDIPlan(go_rescue),BDIPlan(choose_whether_to_evacuate),BDIPlan(update_friends),BDIPlan(go_to_nearest_port),BDIPlan(wait_to_board)];0.6683325166627302;Port(2);predicate(prepared to evacuate,true);predicate(preparing to evacuate,true);false;8.333333333333334;0.585340990850607;predicate(rescue someone,true);[];[(People41,0.1,0.7,0.2,0.2,0.7),(People17,0.6,0.7,0.6,0.3,0.8),(People49,0.9,0.6,0.4,0.5,0.3),(People7,0.0,0.3,0.2,0.6,0.9),(People11,0.7,0.9,0.9,0.6,0.4),(People24,0.3,0.8,0.1,0.0,0.0),(People39,0.8,0.7,0.1,0.9,0.7),(People18,0.4,0.2,0.9,0.7,0.9),(People45,0.6,0.8,0.7,0.2,0.8),(People44,0.6,0.0,0.1,0.8,0.1),(People40,0.8,0.0,0.9,0.6,0.3),(People32,0.2,0.1,0.8,0.6,0.3)];8.333333333333334;['use plan : go_to_nearest_port','no more subintention forIntention(predicate(at target port,true),People42,1.0,-1)','use plan : go_to_nearest_port','no more subintention forIntention(predicate(at target port,true),People42,1.0,-1)','use plan : go_to_nearest_port'];6.0;predicate(took an evacuation decision,true);0.0;0.25;[];true;false;false;true;true;30.0;predicate(decided to wait for someone,true)
43;predicate(Eruption,true);0.33567151933220896;predicate(at target port,true);[Belief(predicate(evacuation order,true),People43,1.0,-1),Belief(predicate(decided to go to port,true),People43,1.0,-1),Belief(predicate(took an evacuation decision,true),People43,1.0,697),Belief(predicate(prepared to evacuate,true),People43,1.0,-1),Belief(predicate(friend status,{name=People31, location={2650.3106666377585,858.590721078374,0.0}, status=going to port},true),People43,1.0,-1),Belief(predicate(friend status,{name=People34, location={1877.3807828637305,2299.606891882056,0.0}, status=going to port},true),People43,1.0,-1),Belief(predicate(friend status,{name=People10, location={2197.77511653515,832.382852059062,0.0}, status=going to port},true),People43,1.0,-1),Belief(predicate(friend status,{name=People16, location={3621.7068335360673,4998.357986046331,0.0}, status=going to port},true),People43,1.0,-1),Belief(predicate(friend status,{name=People47, location={1700.3662522968627,1055.8560720246276,0.0}, status=going to port},true),People43,1.0,-1),Belief(predicate(friend status,{name=People35, location={2068.5165894922698,1964.052766273473,0.0}, status=going to port},true),People43,1.0,-1),Belief(predicate(friend status,{name=People20, location={1392.3032347208782,1625.7642059152333,0.0}, status=going to port},true),People43,1.0,-1)];false;nil;predicate(Boom,true);0.5960363965275426;#blue;predicate(communicate status,true);0.5926414909200325;0.5;Roads(2103);nil;([Roads(2103),Roads(2343),Roads(2751),Roads(2840),Roads(1625),Roads(770),Roads(719),Roads(1490),Roads(1541),Roads(1524),Roads(2205),Roads(1727),Roads(1642),Roads(2957),Roads(2941),Roads(2396),Roads(256),Roads(1489)]) as path;BDIPlan(go_to_nearest_port);false;[Desire(predicate(preparing to evacuate,true),People43,1.0,-1),Desire(predicate(at target port,true),People43,1.0,-1),Desire(predicate(Eruption,false),People43,1.0,-1)];{1630.6307954707129,2894.0671868624027,0.0};[];predicate(enjoying my time,true);predicate(evacuation order,true);0.5960363965275426;emotion(fear,predicate(Eruption,true),0.0,null,null);nil;nil;predicate(decided to go rescue someone,true);predicate(decided to go to port,true);100.24419354682375;[];predicate(in target port,true);43;[Intention(predicate(at target port,true),People43,1.0,-1)];0.7698321186596676;emotion(joy,predicate(in target port,true),0.0,null,null);[];predicate(left the island,true);{1632.1128273055272,2885.8666974815765,0.0};18;['going to port'];[People(35),People(47),People(16),People(34),People(20),People(10),People(31)];'People43';predicate(need to take a decision on whether to board,true);predicate(need to take a decision on whether to evacuate,true);0.3712921136623224;predicate(Eruption,false);predicate(no friend needs help,true);[];0.6812903236698146;[];0.3882347126148602;nil;0.0;nil;[BDIPlan(lets_wander),BDIPlan(prepare),BDIPlan(go_rescue),BDIPlan(choose_whether_to_evacuate),BDIPlan(update_friends),BDIPlan(go_to_nearest_port),BDIPlan(wait_to_board)];0.7698321186596676;Port(0);predicate(prepared to evacuate,true);predicate(preparing to evacuate,true);false;8.333333333333334;0.6287078863376776;predicate(rescue someone,true);[];[(People35,0.8,0.4,0.2,0.7,0.7),(People47,1.0,0.5,0.9,0.3,0.5),(People16,0.4,0.9,1.0,0.4,0.1),(People34,0.6,0.5,0.6,0.7,1.0),(People20,0.3,0.6,0.0,1.0,0.8),(People10,0.5,0.0,0.2,0.5,0.1),(People31,0.4,0.0,0.6,0.4,0.4)];8.333333333333334;['use plan : go_to_nearest_port','no more subintention forIntention(predicate(at target port,true),People43,1.0,-1)','use plan : go_to_nearest_port','no more subintention forIntention(predicate(at target port,true),People43,1.0,-1)','use plan : go_to_nearest_port'];5.0;predicate(took an evacuation decision,true);0.0;0.25;[];true;false;false;true;true;30.0;predicate(decided to wait for someone,true)
44;predicate(Eruption,true);0.46651485075084725;predicate(at target port,true);[Belief(predicate(evacuation order,true),People44,1.0,-1),Belief(predicate(decided to go to port,true),People44,1.0,-1),Belief(predicate(took an evacuation decision,true),People44,1.0,653),Belief(predicate(prepared to evacuate,true),People44,1.0,-1),Belief(predicate(friend status,{name=People7, location={1142.8080939013107,1942.8199075129835,0.0}, status=going to port},true),People44,1.0,-1),Belief(predicate(friend status,{name=People11, location={1933.3794682227467,643.3285457547446,0.0}, status=going to port},true),People44,1.0,-1),Belief(predicate(friend status,{name=People17, location={1918.9398665853957,725.3937767828518,0.0}, status=going to port},true),People44,1.0,-1),Belief(predicate(friend status,{name=People32, location={1778.5132699741412,1488.1503078320657,0.0}, status=going to port},true),People44,1.0,-1),Belief(predicate(friend status,{name=People41, location={608.0012476621698,2703.489684504825,0.0}, status=going to port},true),People44,1.0,-1),Belief(predicate(friend status,{name=People49, location={1273.190602251936,2267.823574211147,0.0}, status=going to port},true),People44,1.0,-1),Belief(predicate(friend status,{name=People39, location={1872.767763333629,744.9327456690246,0.0}, status=going to port},true),People44,1.0,-1),Belief(predicate(friend status,{name=People45, location={1886.4330275334457,2203.376529178693,0.0}, status=going to port},true),People44,1.0,-1),Belief(predicate(friend status,{name=People18, location={1774.6628832061017,942.8267887142913,0.0}, status=going to port},true),People44,1.0,-1),Belief(predicate(friend status,{name=People24, location={1932.6230835479466,1872.2059982279568,0.0}, status=going to port},true),People44,1.0,-1),Belief(predicate(friend status,{name=People40, location={1886.8572309750796,670.0954240667074,0.0}, status=going to port},true),People44,1.0,-1),Belief(predicate(friend status,{name=People42, location={5022.88193075101,7010.4390575273665,0.0}, status=going to port},true),People44,1.0,-1)];false;nil;predicate(Boom,true);0.43988627224423016;#blue;predicate(communicate status,true);0.5566041525375597;0.5;Roads(798);nil;([Roads(798),Roads(2553),Roads(473),Roads(946)]) as path;BDIPlan(go_to_nearest_port);false;[Desire(predicate(at target port,true),People44,1.0,-1),Desire(predicate(preparing to evacuate,true),People44,1.0,-1),Desire(predicate(Eruption,false),People44,1.0,-1)];{1352.5934005034396,1562.115866959057,0.0};[];predicate(enjoying my time,true);predicate(evacuation order,true);0.43988627224423016;emotion(fear,predicate(Eruption,true),0.0,null,null);nil;nil;predicate(decided to go rescue someone,true);predicate(decided to go to port,true);240.68341389252845;[];predicate(in target port,true);44;[Intention(predicate(at target port,true),People44,1.0,-1)];0.7460590811306834;emotion(joy,predicate(in target port,true),0.0,null,null);[];predicate(left the island,true);{1356.6736911680987,1569.3819300289967,0.0};18;['going to port'];[People(41),People(42),People(17),People(49),People(7),People(11),People(24),People(39),People(18),People(45),People(40),People(32)];'People44';predicate(need to take a decision on whether to board,true);predicate(need to take a decision on whether to evacuate,true);0.5592475179428107;predicate(Eruption,false);predicate(no friend needs help,true);[];0.7152338789823952;[];0.5319666704913844;nil;0.0;nil;[BDIPlan(lets_wander),BDIPlan(prepare),BDIPlan(go_rescue),BDIPlan(choose_whether_to_evacuate),BDIPlan(update_friends),BDIPlan(go_to_nearest_port),BDIPlan(wait_to_board)];0.7460590811306834;Port(1);predicate(prepared to evacuate,true);predicate(preparing to evacuate,true);false;8.333333333333334;0.4407524820571893;predicate(rescue someone,true);[];[(People41,0.1,0.6,0.4,0.5,0.7),(People42,0.2,0.8,0.7,0.6,0.6),(People17,0.4,0.7,0.9,0.2,0.5),(People49,0.9,0.6,0.9,0.5,0.1),(People7,0.3,0.2,1.0,0.5,0.9),(People11,0.7,0.7,0.6,0.8,0.5),(People24,0.2,0.3,0.3,0.6,0.5),(People39,0.7,0.6,0.3,0.0,0.4),(People18,0.8,0.7,0.6,0.7,0.2),(People45,0.3,0.0,0.3,0.3,0.8),(People40,0.6,0.0,0.3,0.1,0.0),(People32,0.9,0.7,0.5,0.8,0.4)];8.333333333333334;['use plan : go_to_nearest_port','no more subintention forIntention(predicate(at target port,true),People44,1.0,-1)','use plan : go_to_nearest_port','no more subintention forIntention(predicate(at target port,true),People44,1.0,-1)','use plan : go_to_nearest_port'];2.0;predicate(took an evacuation decision,true);0.0;0.25;[];true;false;false;true;true;30.0;predicate(decided to wait for someone,true)
45;predicate(Eruption,true);0.47967760281725746;predicate(at target port,true);[Belief(predicate(evacuation order,true),People45,1.0,-1),Belief(predicate(decided to go to port,true),People45,1.0,-1),Belief(predicate(took an evacuation decision,true),People45,1.0,760),Belief(predicate(prepared to evacuate,true),People45,1.0,-1),Belief(predicate(friend status,{name=People7, location={1142.8080939013107,1942.8199075129835,0.0}, status=going to port},true),People45,1.0,-1),Belief(predicate(friend status,{name=People11, location={1933.3794682227467,643.3285457547446,0.0}, status=going to port},true),People45,1.0,-1),Belief(predicate(friend status,{name=People17, location={1918.9398665853957,725.3937767828518,0.0}, status=going to port},true),People45,1.0,-1),Belief(predicate(friend status,{name=People32, location={1778.5132699741412,1488.1503078320657,0.0}, status=going to port},true),People45,1.0,-1),Belief(predicate(friend status,{name=People41, location={608.0012476621698,2703.489684504825,0.0}, status=going to port},true),People45,1.0,-1),Belief(predicate(friend status,{name=People49, location={1273.190602251936,2267.823574211147,0.0}, status=going to port},true),People45,1.0,-1),Belief(predicate(friend status,{name=People39, location={1872.767763333629,744.9327456690246,0.0}, status=going to port},true),People45,1.0,-1),Belief(predicate(friend status,{name=People44, location={1336.608539546309,1586.547575996203,0.0}, status=going to port},true),People45,1.0,-1),Belief(predicate(friend status,{name=People18, location={1774.6628832061017,942.8267887142913,0.0}, status=going to port},true),People45,1.0,-1),Belief(predicate(friend status,{name=People24, location={1932.6230835479466,1872.2059982279568,0.0}, status=going to port},true),People45,1.0,-1),Belief(predicate(friend status,{name=People40, location={1886.8572309750796,670.0954240667074,0.0}, status=going to port},true),People45,1.0,-1),Belief(predicate(friend status,{name=People42, location={5022.88193075101,7010.4390575273665,0.0}, status=going to port},true),People45,1.0,-1)];false;nil;predicate(Boom,true);0.7469312192049368;#blue;predicate(communicate status,true);0.6452104103079892;0.5;Roads(380);nil;([Roads(380),Roads(377),Roads(2205),Roads(1727),Roads(1642),Roads(2957),Roads(2941),Roads(2396),Roads(256),Roads(1489)]) as path;BDIPlan(go_to_nearest_port);false;[Desire(predicate(preparing to evacuate,true),People45,1.0,-1),Desire(predicate(Eruption,false),People45,1.0,-1),Desire(predicate(at target port,true),People45,1.0,-1)];{1951.429216878257,2138.736965841434,0.0};[];predicate(enjoying my time,true);predicate(evacuation order,true);0.7469312192049368;emotion(fear,predicate(Eruption,true),0.0,null,null);nil;nil;predicate(decided to go rescue someone,true);predicate(decided to go to port,true);315.1576194308237;[];predicate(in target port,true);45;[Intention(predicate(at target port,true),People45,1.0,-1)];0.8032499052648492;emotion(joy,predicate(in target port,true),0.0,null,null);[];predicate(left the island,true);{1945.520472392365,2144.613289781185,0.0};18;['going to port'];[People(41),People(42),People(17),People(49),People(7),People(11),People(24),People(39),People(18),People(44),People(40),People(32)];'People45';predicate(need to take a decision on whether to board,true);predicate(need to take a decision on whether to evacuate,true);0.37381236028385206;predicate(Eruption,false);predicate(no friend needs help,true);[];0.7499626701127352;[];0.43694670646999756;nil;0.0;nil;[BDIPlan(lets_wander),BDIPlan(prepare),BDIPlan(go_rescue),BDIPlan(choose_whether_to_evacuate),BDIPlan(update_friends),BDIPlan(go_to_nearest_port),BDIPlan(wait_to_board)];0.8032499052648492;Port(0);predicate(prepared to evacuate,true);predicate(preparing to evacuate,true);false;8.333333333333334;0.6261876397161479;predicate(rescue someone,true);[];[(People41,0.1,0.4,0.5,0.4,0.2),(People42,0.7,0.0,0.5,1.0,0.3),(People17,0.1,0.6,0.4,0.9,0.1),(People49,0.8,0.5,0.3,0.4,0.3),(People7,0.6,0.5,1.0,0.3,0.6),(People11,0.9,0.2,0.3,1.0,1.0),(People24,0.0,0.1,0.4,0.8,0.2),(People39,1.0,0.6,0.8,0.2,0.4),(People18,0.5,0.1,0.1,0.4,0.2),(People44,0.7,0.2,0.6,0.4,0.6),(People40,0.7,0.3,0.3,0.7,0.6),(People32,0.6,0.3,0.9,0.3,0.9)];8.333333333333334;['use plan : go_to_nearest_port','no more subintention forIntention(predicate(at target port,true),People45,1.0,-1)','use plan : go_to_nearest_port','no more subintention forIntention(predicate(at target port,true),People45,1.0,-1)','use plan : go_to_nearest_port'];2.0;predicate(took an evacuation decision,true);0.0;0.25;[];true;false;false;true;true;30.0;predicate(decided to wait for someone,true)
46;predicate(Eruption,true);0.4381724095461483;predicate(at target port,true);[Belief(predicate(evacuation order,true),People46,1.0,-1),Belief(predicate(decided to go to port,true),People46,1.0,-1),Belief(predicate(took an evacuation decision,true),People46,1.0,628),Belief(predicate(prepared to evacuate,true),People46,1.0,-1),Belief(predicate(friend status,{name=People25, location={1443.1445682165383,1947.9502827910806,0.0}, status=going to port},true),People46,1.0,-1),Belief(predicate(friend status,{name=People23, location={1939.3916269827494,1867.3093543056832,0.0}, status=going to port},true),People46,1.0,-1),Belief(predicate(friend status,{name=People19, location={3863.679880060255,4533.397560617894,0.0}, status=going to port},true),People46,1.0,-1),Belief(predicate(friend status,{name=People33, location={1458.7483170491707,1712.5868932421317,0.0}, status=going to port},true),People46,1.0,-1),Belief(predicate(friend status,{name=People0, location={632.227332878873,2710.8003451704703,0.0}, status=going to port},true),People46,1.0,-1),Belief(predicate(Boom,{intensity=4},true),People46,1.0,3000)];false;nil;predicate(Boom,true);0.43215189859518566;#blue;predicate(communicate status,true);0.5353106257297694;0.5;Roads(811);nil;([Roads(811),Roads(382),Roads(1507),Roads(1389),Roads(736),Roads(2501),Roads(2483),Roads(2016),Roads(1221),Roads(702),Roads(651),Roads(2292),Roads(1558),Roads(1609),Roads(2733),Roads(1930),Roads(2275),Roads(2308),Roads(2361),Roads(2414),Roads(2787),Roads(1423),Roads(1473),Roads(2188),Roads(914),Roads(834),Roads(981),Roads(998),Roads(2324),Roads(361),Roads(360),Roads(1575),Roads(169),Roads(164),Roads(165),Roads(1877),Roads(171),Roads(634),Roads(2553),Roads(473),Roads(946)]) as path;BDIPlan(wait_to_board);false;[Desire(predicate(in target port,true),People46,1.0,-1),Desire(predicate(preparing to evacuate,true),People46,1.0,-1),Desire(predicate(Eruption,false),People46,1.0,-1)];{1404.302493949317,1447.785189453782,0.0};[];predicate(enjoying my time,true);predicate(evacuation order,true);0.43215189859518566;emotion(fear,predicate(Eruption,true),0.0,null,null);nil;nil;predicate(decided to go rescue someone,true);predicate(decided to go to port,true);285.6576285467334;[];predicate(in target port,true);46;[Intention(predicate(in target port,true),People46,1.0,-1)];0.7316492504812462;emotion(joy,predicate(in target port,true),0.0,null,null);[];predicate(left the island,true);{1402.0534236082458,1455.8092861035839,0.0};18;['at port'];[People(19),People(33),People(25),People(0),People(23)];'People46';predicate(need to take a decision on whether to board,true);predicate(need to take a decision on whether to evacuate,true);0.28302762800984715;predicate(Eruption,false);predicate(no friend needs help,true);[];0.6976686302521842;[];0.6526859531698785;nil;0.0;nil;[BDIPlan(lets_wander),BDIPlan(prepare),BDIPlan(go_rescue),BDIPlan(choose_whether_to_evacuate),BDIPlan(update_friends),BDIPlan(go_to_nearest_port),BDIPlan(wait_to_board)];0.7316492504812462;Port(1);predicate(prepared to evacuate,true);predicate(preparing to evacuate,true);false;#nan;0.7169723719901528;predicate(rescue someone,true);[];[(People19,0.4,0.4,0.3,0.6,0.1),(People33,0.9,0.6,0.7,0.6,0.4),(People25,0.0,0.2,0.7,0.2,0.2),(People0,0.0,0.9,0.5,0.9,0.8),(People23,0.3,0.4,0.6,0.9,0.3)];8.333333333333334;['use plan : wait_to_board','use plan : prepare','use plan : prepare','use plan : prepare','use plan : update_friends'];5.0;predicate(took an evacuation decision,true);0.0;0.25;[];true;false;false;true;true;30.0;predicate(decided to wait for someone,true)
47;predicate(Eruption,true);0.7026103582358503;predicate(at target port,true);[Belief(predicate(evacuation order,true),People47,1.0,-1),Belief(predicate(decided to go to port,true),People47,1.0,-1),Belief(predicate(took an evacuation decision,true),People47,1.0,286),Belief(predicate(prepared to evacuate,true),People47,1.0,-1),Belief(predicate(friend status,{name=People31, location={2650.3106666377585,858.590721078374,0.0}, status=going to port},true),People47,1.0,-1),Belief(predicate(friend status,{name=People34, location={1877.3807828637305,2299.606891882056,0.0}, status=going to port},true),People47,1.0,-1),Belief(predicate(friend status,{name=People10, location={2197.77511653515,832.382852059062,0.0}, status=going to port},true),People47,1.0,-1),Belief(predicate(friend status,{name=People16, location={3621.7068335360673,4998.357986046331,0.0}, status=going to port},true),People47,1.0,-1),Belief(predicate(friend status,{name=People35, location={2068.5165894922698,1964.052766273473,0.0}, status=going to port},true),People47,1.0,-1),Belief(predicate(friend status,{name=People43, location={1645.5909675038724,2829.2167980546456,0.0}, status=going to port},true),People47,1.0,-1),Belief(predicate(friend status,{name=People20, location={1392.3032347208782,1625.7642059152333,0.0}, status=going to port},true),People47,1.0,-1)];false;nil;predicate(Boom,true);0.47849552770104253;#blue;predicate(communicate status,true);0.1954068205194508;0.5;Roads(811);nil;([Roads(811),Roads(382),Roads(1507),Roads(1389),Roads(736),Roads(2501),Roads(2483),Roads(2016),Roads(1221),Roads(702),Roads(651),Roads(2292),Roads(1558),Roads(1609),Roads(2733),Roads(1930),Roads(2275),Roads(2308),Roads(2361),Roads(2414),Roads(2787),Roads(1423),Roads(1473),Roads(2188),Roads(914),Roads(834),Roads(981),Roads(998),Roads(2324),Roads(361),Roads(360),Roads(1575),Roads(169),Roads(164),Roads(165),Roads(1877),Roads(171),Roads(634),Roads(2553),Roads(473),Roads(946)]) as path;BDIPlan(go_to_nearest_port);false;[Desire(predicate(at target port,true),People47,1.0,-1),Desire(predicate(preparing to evacuate,true),People47,1.0,-1),Desire(predicate(Eruption,false),People47,1.0,-1)];{1711.6725517032328,1031.4534401576793,0.0};[];predicate(enjoying my time,true);predicate(evacuation order,true);0.47849552770104253;emotion(fear,predicate(Eruption,true),0.0,null,null);nil;nil;predicate(decided to go rescue someone,true);predicate(decided to go to port,true);288.4675442050444;[];predicate(in target port,true);47;[Intention(predicate(at target port,true),People47,1.0,-1)];0.44204843684765;emotion(joy,predicate(in target port,true),0.0,null,null);[];predicate(left the island,true);{1709.032823222818,1039.3576338543273,0.0};18;['going to port'];[People(35),People(43),People(16),People(34),People(20),People(10),People(31)];'People47';predicate(need to take a decision on whether to board,true);predicate(need to take a decision on whether to evacuate,true);0.42660646775241073;predicate(Eruption,false);predicate(no friend needs help,true);[];0.670081031948861;[];0.6104791745086762;nil;0.0;nil;[BDIPlan(lets_wander),BDIPlan(prepare),BDIPlan(go_rescue),BDIPlan(choose_whether_to_evacuate),BDIPlan(update_friends),BDIPlan(go_to_nearest_port),BDIPlan(wait_to_board)];0.44204843684765;Port(1);predicate(prepared to evacuate,true);predicate(preparing to evacuate,true);false;8.333333333333334;0.5733935322475893;predicate(rescue someone,true);[];[(People35,0.6,0.7,0.7,0.0,0.0),(People43,0.7,0.2,1.0,0.3,0.3),(People16,0.3,0.7,0.4,0.2,0.6),(People34,0.4,0.5,0.5,1.0,0.5),(People20,0.9,0.0,0.6,0.7,0.6),(People10,0.9,0.2,0.9,0.5,0.3),(People31,0.3,0.7,0.4,0.6,0.6)];8.333333333333334;['use plan : go_to_nearest_port','no more subintention forIntention(predicate(at target port,true),People47,1.0,-1)','use plan : go_to_nearest_port','no more subintention forIntention(predicate(at target port,true),People47,1.0,-1)','use plan : go_to_nearest_port'];4.0;predicate(took an evacuation decision,true);0.0;0.25;[];true;false;false;true;true;30.0;predicate(decided to wait for someone,true)
48;predicate(Eruption,true);0.5043175875725835;predicate(at target port,true);[Belief(predicate(evacuation order,true),People48,1.0,-1),Belief(predicate(decided to go to port,true),People48,1.0,-1),Belief(predicate(took an evacuation decision,true),People48,1.0,809),Belief(predicate(prepared to evacuate,true),People48,1.0,-1),Belief(predicate(friend status,{name=People1, location={1836.5764447991878,934.0853978409024,0.0}, status=going to port},true),People48,1.0,-1),Belief(predicate(friend status,{name=People5, location={2167.973465660715,238.07863091713517,0.0}, status=going to port},true),People48,1.0,-1),Belief(predicate(friend status,{name=People6, location={2024.1668091934098,194.2730616459417,0.0}, status=going to port},true),People48,1.0,-1),Belief(predicate(friend status,{name=People8, location={2270.231340491408,1397.8674045672956,0.0}, status=going to port},true),People48,1.0,-1),Belief(predicate(friend status,{name=People38, location={576.583115110955,2694.008693095126,0.0}, status=going to port},true),People48,1.0,-1),Belief(predicate(friend status,{name=People26, location={1926.8350882065436,1519.5053493058415,0.0}, status=going to port},true),People48,1.0,-1),Belief(predicate(friend status,{name=People36, location={3921.408352826312,3605.637264094785,0.0}, status=going to port},true),People48,1.0,-1),Belief(predicate(friend status,{name=People30, location={1919.0052699973673,3196.0577811861585,0.0}, status=going to port},true),People48,1.0,-1)];false;nil;predicate(Boom,true);0.5023431420054614;#blue;predicate(communicate status,true);0.6861682345718556;0.5;Roads(807);nil;([Roads(807),Roads(2643),Roads(2589),Roads(2607),Roads(2892),Roads(2973),Roads(2989),Roads(2466),Roads(2448),Roads(2679),Roads(1321),Roads(1238),Roads(2874),Roads(2925),Roads(583),Roads(634),Roads(2553),Roads(473),Roads(946)]) as path;BDIPlan(go_to_nearest_port);false;[Desire(predicate(Eruption,false),People48,1.0,-1),Desire(predicate(preparing to evacuate,true),People48,1.0,-1),Desire(predicate(at target port,true),People48,1.0,-1)];{1093.700558522136,2369.3954566821476,0.0};[];predicate(enjoying my time,true);predicate(evacuation order,true);0.5023431420054614;emotion(fear,predicate(Eruption,true),0.0,null,null);nil;nil;predicate(decided to go rescue someone,true);predicate(decided to go to port,true);2.7522371202479268;[];predicate(in target port,true);48;[Intention(predicate(at target port,true),People48,1.0,-1)];0.8283527235253444;emotion(joy,predicate(in target port,true),0.0,null,null);[];predicate(left the island,true);{1085.3768375853688,2368.995313943531,0.0};18;['going to port'];[People(26),People(1),People(8),People(30),People(38),People(6),People(5),People(36)];'People48';predicate(need to take a decision on whether to board,true);predicate(need to take a decision on whether to evacuate,true);0.6483003754427623;predicate(Eruption,false);predicate(no friend needs help,true);[];0.7715198708213674;[];0.5977678573521867;nil;0.0;nil;[BDIPlan(lets_wander),BDIPlan(prepare),BDIPlan(go_rescue),BDIPlan(choose_whether_to_evacuate),BDIPlan(update_friends),BDIPlan(go_to_nearest_port),BDIPlan(wait_to_board)];0.8283527235253444;Port(1);predicate(prepared to evacuate,true);predicate(preparing to evacuate,true);false;8.333333333333334;0.3516996245572377;predicate(rescue someone,true);[];[(People26,0.4,0.1,0.9,0.1,0.7),(People1,0.3,0.1,0.8,0.9,0.3),(People8,0.3,0.0,0.5,0.6,0.1),(People30,0.0,0.7,0.8,0.2,0.8),(People38,1.0,0.6,0.8,0.1,0.3),(People6,0.8,0.5,0.6,0.4,0.6),(People5,0.4,0.4,1.0,0.4,0.5),(People36,0.0,0.0,0.1,0.8,0.5)];8.333333333333334;['use plan : go_to_nearest_port','no more subintention forIntention(predicate(at target port,true),People48,1.0,-1)','use plan : go_to_nearest_port','no more subintention forIntention(predicate(at target port,true),People48,1.0,-1)','use plan : go_to_nearest_port'];5.0;predicate(took an evacuation decision,true);0.0;0.25;[];true;false;false;true;true;30.0;predicate(decided to wait for someone,true)
49;predicate(Eruption,true);0.5196047150215235;predicate(at target port,true);[Belief(predicate(evacuation order,true),People49,1.0,-1),Belief(predicate(decided to go to port,true),People49,1.0,-1),Belief(predicate(took an evacuation decision,true),People49,1.0,776),Belief(predicate(prepared to evacuate,true),People49,1.0,-1),Belief(predicate(friend status,{name=People7, location={1142.8080939013107,1942.8199075129835,0.0}, status=going to port},true),People49,1.0,-1),Belief(predicate(friend status,{name=People11, location={1933.3794682227467,643.3285457547446,0.0}, status=going to port},true),People49,1.0,-1),Belief(predicate(friend status,{name=People17, location={1918.9398665853957,725.3937767828518,0.0}, status=going to port},true),People49,1.0,-1),Belief(predicate(friend status,{name=People32, location={1778.5132699741412,1488.1503078320657,0.0}, status=going to port},true),People49,1.0,-1),Belief(predicate(friend status,{name=People41, location={608.0012476621698,2703.489684504825,0.0}, status=going to port},true),People49,1.0,-1),Belief(predicate(friend status,{name=People39, location={1872.767763333629,744.9327456690246,0.0}, status=going to port},true),People49,1.0,-1),Belief(predicate(friend status,{name=People44, location={1336.608539546309,1586.547575996203,0.0}, status=going to port},true),People49,1.0,-1),Belief(predicate(friend status,{name=People45, location={1886.4330275334457,2203.376529178693,0.0}, status=going to port},true),People49,1.0,-1),Belief(predicate(friend status,{name=People18, location={1774.6628832061017,942.8267887142913,0.0}, status=going to port},true),People49,1.0,-1),Belief(predicate(friend status,{name=People24, location={1932.6230835479466,1872.2059982279568,0.0}, status=going to port},true),People49,1.0,-1),Belief(predicate(friend status,{name=People40, location={1886.8572309750796,670.0954240667074,0.0}, status=going to port},true),People49,1.0,-1),Belief(predicate(friend status,{name=People42, location={5022.88193075101,7010.4390575273665,0.0}, status=going to port},true),People49,1.0,-1)];false;nil;predicate(Boom,true);0.19496849878655698;#blue;predicate(communicate status,true);0.6585270791294058;0.5;Roads(2892);nil;([Roads(2570),Roads(2892),Roads(2973),Roads(2989),Roads(2466),Roads(2448),Roads(2679),Roads(1321),Roads(1238),Roads(2874),Roads(2925),Roads(583),Roads(634),Roads(2553),Roads(473),Roads(946)]) as path;BDIPlan(go_to_nearest_port);false;[Desire(predicate(at target port,true),People49,1.0,-1),Desire(predicate(Eruption,false),People49,1.0,-1),Desire(predicate(preparing to evacuate,true),People49,1.0,-1)];{1194.0848308343295,2232.526553721756,0.0};[];predicate(enjoying my time,true);predicate(evacuation order,true);0.19496849878655698;emotion(fear,predicate(Eruption,true),0.0,null,null);nil;nil;predicate(decided to go rescue someone,true);predicate(decided to go to port,true);254.0443392409313;[];predicate(in target port,true);49;[Intention(predicate(at target port,true),People49,1.0,-1)];0.8114968139983088;emotion(joy,predicate(in target port,true),0.0,null,null);[];predicate(left the island,true);{1196.3756090498325,2240.5388430083344,0.0};18;['going to port'];[People(41),People(42),People(17),People(7),People(11),People(24),People(39),People(18),People(45),People(44),People(40),People(32)];'People49';predicate(need to take a decision on whether to board,true);predicate(need to take a decision on whether to evacuate,true);0.5572047151093408;predicate(Eruption,false);predicate(no friend needs help,true);[];0.7675062847139851;[];0.6325916964968721;nil;0.0;nil;[BDIPlan(lets_wander),BDIPlan(prepare),BDIPlan(go_rescue),BDIPlan(choose_whether_to_evacuate),BDIPlan(update_friends),BDIPlan(go_to_nearest_port),BDIPlan(wait_to_board)];0.8114968139983088;Port(1);predicate(prepared to evacuate,true);predicate(preparing to evacuate,true);false;8.333333333333334;0.4427952848906592;predicate(rescue someone,true);[];[(People41,0.3,0.8,1.0,0.9,0.1),(People42,0.3,0.1,0.6,0.6,0.8),(People17,0.8,0.5,0.6,0.8,0.0),(People7,0.2,0.2,0.4,0.2,0.5),(People11,0.5,0.6,0.7,1.0,0.9),(People24,0.1,0.8,0.6,0.3,0.9),(People39,0.6,0.0,0.8,0.3,0.3),(People18,0.5,0.6,0.1,0.6,0.3),(People45,0.1,0.3,1.0,0.6,0.6),(People44,0.3,0.6,0.9,0.8,0.2),(People40,0.7,0.1,0.6,0.4,0.9),(People32,0.3,0.8,0.1,0.6,0.1)];8.333333333333334;['use plan : go_to_nearest_port','no more subintention forIntention(predicate(at target port,true),People49,1.0,-1)','use plan : go_to_nearest_port','no more subintention forIntention(predicate(at target port,true),People49,1.0,-1)','use plan : go_to_nearest_port'];1.0;predicate(took an evacuation decision,true);0.0;0.25;[];true;false;false;true;true;30.0;predicate(decided to wait for someone,true)
